-- MySQL dump 10.13  Distrib 8.0.36, for Win64 (x86_64)
--
-- Host: localhost    Database: NHN
-- ------------------------------------------------------
-- Server version	8.0.36

/*!40101 SET @OLD_CHARACTER_SET_CLIENT=@@CHARACTER_SET_CLIENT */;
/*!40101 SET @OLD_CHARACTER_SET_RESULTS=@@CHARACTER_SET_RESULTS */;
/*!40101 SET @OLD_COLLATION_CONNECTION=@@COLLATION_CONNECTION */;
/*!50503 SET NAMES utf8mb4 */;
/*!40103 SET @OLD_TIME_ZONE=@@TIME_ZONE */;
/*!40103 SET TIME_ZONE='+00:00' */;
/*!40014 SET @OLD_UNIQUE_CHECKS=@@UNIQUE_CHECKS, UNIQUE_CHECKS=0 */;
/*!40014 SET @OLD_FOREIGN_KEY_CHECKS=@@FOREIGN_KEY_CHECKS, FOREIGN_KEY_CHECKS=0 */;
/*!40101 SET @OLD_SQL_MODE=@@SQL_MODE, SQL_MODE='NO_AUTO_VALUE_ON_ZERO' */;
/*!40111 SET @OLD_SQL_NOTES=@@SQL_NOTES, SQL_NOTES=0 */;

--
-- Table structure for table `corop`
--

DROP TABLE IF EXISTS `corop`;
/*!40101 SET @saved_cs_client     = @@character_set_client */;
/*!50503 SET character_set_client = utf8mb4 */;
CREATE TABLE `corop` (
  `id` int NOT NULL AUTO_INCREMENT,
  `corop_naam` varchar(255) NOT NULL,
  PRIMARY KEY (`id`)
) ENGINE=InnoDB AUTO_INCREMENT=41 DEFAULT CHARSET=utf8mb4 COLLATE=utf8mb4_0900_ai_ci;
/*!40101 SET character_set_client = @saved_cs_client */;

--
-- Dumping data for table `corop`
--

LOCK TABLES `corop` WRITE;
/*!40000 ALTER TABLE `corop` DISABLE KEYS */;
INSERT INTO `corop` VALUES (1,'Alkmaar en omgeving (C)'),(2,'Achterhoek (C)'),(3,'Agglomeratie \'s-Gravenhage (C)'),(4,'Agglomeratie Haarlem (C)'),(5,'Agglomeratie Leiden en Bollenstreek (C)'),(6,'Arnhem/Nijmegen (C)'),(7,'Delft en Westland (C)'),(8,'Delfzijl en omgeving (C)'),(9,'Flevoland (C)'),(10,'Groot-Amsterdam (C)'),(11,'Groot-Rijnmond (C)'),(12,'Het Gooi en Vechtstreek (C)'),(13,'IJmond (C)'),(14,'Kop van Noord-Holland (C)'),(15,'Midden-Limburg (C)'),(16,'Midden-Noord-Brabant (C)'),(17,'Noord-Drenthe (C)'),(18,'Noord-Friesland (C)'),(19,'Noord-Limburg (C)'),(20,'Noord-Overijssel (C)'),(21,'Noordoost-Noord-Brabant (C)'),(22,'Oost-Groningen (C)'),(23,'Oost-Zuid-Holland (C)'),(24,'Overig Groningen (C)'),(25,'Overig Zeeland (C)'),(26,'Twente (C)'),(27,'Utrecht (C)'),(28,'Veluwe (C)'),(29,'West-Noord-Brabant (C)'),(30,'Zaanstreek (C)'),(31,'Zeeuwsch-Vlaanderen (C)'),(32,'Zuid-Limburg (C)'),(33,'Zuidoost-Drenthe (C)'),(34,'Zuidoost-Friesland (C)'),(35,'Zuidoost-Noord-Brabant (C)'),(36,'Zuidoost-Zuid-Holland (C)'),(37,'Zuidwest-Drenthe (C)'),(38,'Zuidwest-Friesland (C)'),(39,'Zuidwest-Gelderland (C)'),(40,'Zuidwest-Overijssel (C)');
/*!40000 ALTER TABLE `corop` ENABLE KEYS */;
UNLOCK TABLES;

--
-- Table structure for table `gemeente`
--

DROP TABLE IF EXISTS `gemeente`;
/*!40101 SET @saved_cs_client     = @@character_set_client */;
/*!50503 SET character_set_client = utf8mb4 */;
CREATE TABLE `gemeente` (
  `id` int NOT NULL AUTO_INCREMENT,
  `gemeente_naam` varchar(255) NOT NULL,
  PRIMARY KEY (`id`)
) ENGINE=InnoDB AUTO_INCREMENT=17 DEFAULT CHARSET=utf8mb4 COLLATE=utf8mb4_0900_ai_ci;
/*!40101 SET character_set_client = @saved_cs_client */;

--
-- Dumping data for table `gemeente`
--

LOCK TABLES `gemeente` WRITE;
/*!40000 ALTER TABLE `gemeente` DISABLE KEYS */;
INSERT INTO `gemeente` VALUES (1,'Alkmaar'),(2,'Bergen (NH.)'),(3,'Castricum'),(4,'Den Helder'),(5,'Drechterland'),(6,'Enkhuizen'),(7,'Heiloo'),(8,'Hollands Kroon'),(9,'Hoorn'),(10,'Koggenland'),(11,'Medemblik'),(12,'Opmeer'),(13,'Schagen'),(14,'Stede Broec'),(15,'Texel'),(16,'Uitgeest');
/*!40000 ALTER TABLE `gemeente` ENABLE KEYS */;
UNLOCK TABLES;

--
-- Table structure for table `jongeren`
--

DROP TABLE IF EXISTS `jongeren`;
/*!40101 SET @saved_cs_client     = @@character_set_client */;
/*!50503 SET character_set_client = utf8mb4 */;
CREATE TABLE `jongeren` (
  `id` int NOT NULL AUTO_INCREMENT,
  `Jaar` int NOT NULL,
  `Niveau_regio` enum('Gemeente','Corop') NOT NULL,
  `Regio_id` int DEFAULT NULL,
  `werkende_jongeren` int NOT NULL,
  `totaal_jongeren` int NOT NULL,
  PRIMARY KEY (`id`)
) ENGINE=InnoDB AUTO_INCREMENT=91 DEFAULT CHARSET=utf8mb4 COLLATE=utf8mb4_0900_ai_ci;
/*!40101 SET character_set_client = @saved_cs_client */;

--
-- Dumping data for table `jongeren`
--

LOCK TABLES `jongeren` WRITE;
/*!40000 ALTER TABLE `jongeren` DISABLE KEYS */;
INSERT INTO `jongeren` VALUES (1,2018,'Corop',1,10100,33100),(2,2018,'Corop',14,17000,51700),(3,2018,'Gemeente',1,4900,14700),(4,2018,'Gemeente',2,900,3600),(5,2018,'Gemeente',3,1400,4900),(6,2018,'Gemeente',4,2500,7300),(7,2018,'Gemeente',5,900,2700),(8,2018,'Gemeente',6,800,2400),(9,2018,'Gemeente',7,700,2900),(10,2018,'Gemeente',8,2200,6600),(11,2018,'Gemeente',9,3200,10200),(12,2018,'Gemeente',10,1100,3300),(13,2018,'Gemeente',11,2000,6200),(14,2018,'Gemeente',12,600,1800),(15,2018,'Gemeente',13,2000,6300),(16,2018,'Gemeente',14,1000,3000),(17,2018,'Gemeente',15,700,1700),(18,2018,'Gemeente',16,600,2000),(19,2019,'Corop',1,10400,33500),(20,2019,'Corop',14,17800,52200),(21,2019,'Gemeente',1,5000,14700),(22,2019,'Gemeente',2,900,3600),(23,2019,'Gemeente',3,1400,4900),(24,2019,'Gemeente',4,2600,7400),(25,2019,'Gemeente',5,900,2800),(26,2019,'Gemeente',6,800,2400),(27,2019,'Gemeente',7,700,3000),(28,2019,'Gemeente',8,2500,6900),(29,2019,'Gemeente',9,3300,10200),(30,2019,'Gemeente',10,1100,3400),(31,2019,'Gemeente',11,2100,6300),(32,2019,'Gemeente',12,600,1700),(33,2019,'Gemeente',13,2100,6300),(34,2019,'Gemeente',14,1100,3100),(35,2019,'Gemeente',15,700,1700),(36,2019,'Gemeente',16,700,2000),(37,2020,'Corop',1,10200,33600),(38,2020,'Corop',14,17500,52400),(39,2020,'Gemeente',1,4800,14800),(40,2020,'Gemeente',2,900,3500),(41,2020,'Gemeente',3,1300,4800),(42,2020,'Gemeente',4,2500,7200),(43,2020,'Gemeente',5,900,2800),(44,2020,'Gemeente',6,800,2400),(45,2020,'Gemeente',7,700,3100),(46,2020,'Gemeente',8,2600,7000),(47,2020,'Gemeente',9,3100,10300),(48,2020,'Gemeente',10,1200,3400),(49,2020,'Gemeente',11,2000,6200),(50,2020,'Gemeente',12,700,1800),(51,2020,'Gemeente',13,2100,6400),(52,2020,'Gemeente',14,1000,3100),(53,2020,'Gemeente',15,600,1700),(54,2020,'Gemeente',16,600,2000),(55,2021,'Corop',1,10600,33500),(56,2021,'Corop',14,18300,52300),(57,2021,'Gemeente',1,5000,14600),(58,2021,'Gemeente',2,1000,3500),(59,2021,'Gemeente',3,1400,4700),(60,2021,'Gemeente',4,2600,7300),(61,2021,'Gemeente',5,900,2700),(62,2021,'Gemeente',6,800,2400),(63,2021,'Gemeente',7,700,3100),(64,2021,'Gemeente',8,2700,6900),(65,2021,'Gemeente',9,3400,10400),(66,2021,'Gemeente',10,1200,3300),(67,2021,'Gemeente',11,2200,6300),(68,2021,'Gemeente',12,700,1800),(69,2021,'Gemeente',13,2200,6500),(70,2021,'Gemeente',14,1000,3100),(71,2021,'Gemeente',15,700,1700),(72,2021,'Gemeente',16,600,2000),(73,2022,'Corop',1,11300,33900),(74,2022,'Corop',14,19600,52900),(75,2022,'Gemeente',1,5300,14800),(76,2022,'Gemeente',2,1100,3600),(77,2022,'Gemeente',3,1500,4700),(78,2022,'Gemeente',4,2700,7200),(79,2022,'Gemeente',5,1000,2800),(80,2022,'Gemeente',6,900,2400),(81,2022,'Gemeente',7,800,3100),(82,2022,'Gemeente',8,2800,7000),(83,2022,'Gemeente',9,3700,10500),(84,2022,'Gemeente',10,1200,3400),(85,2022,'Gemeente',11,2400,6500),(86,2022,'Gemeente',12,700,1800),(87,2022,'Gemeente',13,2400,6600),(88,2022,'Gemeente',14,1100,3100),(89,2022,'Gemeente',15,700,1700),(90,2022,'Gemeente',16,600,2000);
/*!40000 ALTER TABLE `jongeren` ENABLE KEYS */;
UNLOCK TABLES;

--
-- Table structure for table `jongeren_woon_en_werkregio`
--

DROP TABLE IF EXISTS `jongeren_woon_en_werkregio`;
/*!40101 SET @saved_cs_client     = @@character_set_client */;
/*!50503 SET character_set_client = utf8mb4 */;
CREATE TABLE `jongeren_woon_en_werkregio` (
  `id` int NOT NULL AUTO_INCREMENT,
  `Jaar` int NOT NULL,
  `Niveau_regio` enum('Gemeente','Corop') NOT NULL,
  `Woonregio_id` int DEFAULT NULL,
  `Werkregio_id` int DEFAULT NULL,
  `Werkende_jongeren` int DEFAULT NULL,
  PRIMARY KEY (`id`)
) ENGINE=InnoDB AUTO_INCREMENT=401 DEFAULT CHARSET=utf8mb4 COLLATE=utf8mb4_0900_ai_ci;
/*!40101 SET character_set_client = @saved_cs_client */;

--
-- Dumping data for table `jongeren_woon_en_werkregio`
--

LOCK TABLES `jongeren_woon_en_werkregio` WRITE;
/*!40000 ALTER TABLE `jongeren_woon_en_werkregio` DISABLE KEYS */;
INSERT INTO `jongeren_woon_en_werkregio` VALUES (1,2018,'Corop',1,2,0),(2,2018,'Corop',1,3,100),(3,2018,'Corop',1,4,700),(4,2018,'Corop',1,5,0),(5,2018,'Corop',1,1,18000),(6,2018,'Corop',1,6,0),(7,2018,'Corop',1,7,0),(8,2018,'Corop',1,8,0),(9,2018,'Corop',1,9,0),(10,2018,'Corop',1,10,5000),(11,2018,'Corop',1,11,100),(12,2018,'Corop',1,12,100),(13,2018,'Corop',1,13,2000),(14,2018,'Corop',1,14,3400),(15,2018,'Corop',1,15,0),(16,2018,'Corop',1,16,100),(17,2018,'Corop',1,17,0),(18,2018,'Corop',1,18,0),(19,2018,'Corop',1,19,0),(20,2018,'Corop',1,20,0),(21,2018,'Corop',1,21,0),(22,2018,'Corop',1,22,0),(23,2018,'Corop',1,23,0),(24,2018,'Corop',1,24,0),(25,2018,'Corop',1,25,0),(26,2018,'Corop',1,26,0),(27,2018,'Corop',1,27,300),(28,2018,'Corop',1,28,0),(29,2018,'Corop',1,29,0),(30,2018,'Corop',1,30,900),(31,2018,'Corop',1,31,0),(32,2018,'Corop',1,32,0),(33,2018,'Corop',1,33,0),(34,2018,'Corop',1,34,0),(35,2018,'Corop',1,35,100),(36,2018,'Corop',1,36,0),(37,2018,'Corop',1,37,0),(38,2018,'Corop',1,38,0),(39,2018,'Corop',1,39,0),(40,2018,'Corop',1,40,0),(41,2018,'Corop',14,2,0),(42,2018,'Corop',14,3,200),(43,2018,'Corop',14,4,500),(44,2018,'Corop',14,5,0),(45,2018,'Corop',14,1,5800),(46,2018,'Corop',14,6,0),(47,2018,'Corop',14,7,400),(48,2018,'Corop',14,8,0),(49,2018,'Corop',14,9,200),(50,2018,'Corop',14,10,5900),(51,2018,'Corop',14,11,200),(52,2018,'Corop',14,12,400),(53,2018,'Corop',14,13,800),(54,2018,'Corop',14,14,34300),(55,2018,'Corop',14,15,0),(56,2018,'Corop',14,16,200),(57,2018,'Corop',14,17,0),(58,2018,'Corop',14,18,0),(59,2018,'Corop',14,19,0),(60,2018,'Corop',14,20,0),(61,2018,'Corop',14,21,0),(62,2018,'Corop',14,22,0),(63,2018,'Corop',14,23,0),(64,2018,'Corop',14,24,0),(65,2018,'Corop',14,25,0),(66,2018,'Corop',14,26,0),(67,2018,'Corop',14,27,300),(68,2018,'Corop',14,28,0),(69,2018,'Corop',14,29,0),(70,2018,'Corop',14,30,700),(71,2018,'Corop',14,31,0),(72,2018,'Corop',14,32,0),(73,2018,'Corop',14,33,0),(74,2018,'Corop',14,34,0),(75,2018,'Corop',14,35,100),(76,2018,'Corop',14,36,0),(77,2018,'Corop',14,37,0),(78,2018,'Corop',14,38,0),(79,2018,'Corop',14,39,0),(80,2018,'Corop',14,40,0),(81,2019,'Corop',1,2,0),(82,2019,'Corop',1,3,0),(83,2019,'Corop',1,4,1000),(84,2019,'Corop',1,5,0),(85,2019,'Corop',1,1,18100),(86,2019,'Corop',1,6,0),(87,2019,'Corop',1,7,0),(88,2019,'Corop',1,8,0),(89,2019,'Corop',1,9,0),(90,2019,'Corop',1,10,5800),(91,2019,'Corop',1,11,0),(92,2019,'Corop',1,12,100),(93,2019,'Corop',1,13,1700),(94,2019,'Corop',1,14,3000),(95,2019,'Corop',1,15,0),(96,2019,'Corop',1,16,200),(97,2019,'Corop',1,17,0),(98,2019,'Corop',1,18,0),(99,2019,'Corop',1,19,0),(100,2019,'Corop',1,20,0),(101,2019,'Corop',1,21,0),(102,2019,'Corop',1,22,0),(103,2019,'Corop',1,23,0),(104,2019,'Corop',1,24,0),(105,2019,'Corop',1,25,0),(106,2019,'Corop',1,26,0),(107,2019,'Corop',1,27,400),(108,2019,'Corop',1,28,0),(109,2019,'Corop',1,29,0),(110,2019,'Corop',1,30,800),(111,2019,'Corop',1,31,0),(112,2019,'Corop',1,32,0),(113,2019,'Corop',1,33,0),(114,2019,'Corop',1,34,0),(115,2019,'Corop',1,35,200),(116,2019,'Corop',1,36,0),(117,2019,'Corop',1,37,0),(118,2019,'Corop',1,38,0),(119,2019,'Corop',1,39,0),(120,2019,'Corop',1,40,0),(121,2019,'Corop',14,2,0),(122,2019,'Corop',14,3,200),(123,2019,'Corop',14,4,500),(124,2019,'Corop',14,5,0),(125,2019,'Corop',14,1,5100),(126,2019,'Corop',14,6,0),(127,2019,'Corop',14,7,500),(128,2019,'Corop',14,8,0),(129,2019,'Corop',14,9,200),(130,2019,'Corop',14,10,6400),(131,2019,'Corop',14,11,200),(132,2019,'Corop',14,12,300),(133,2019,'Corop',14,13,800),(134,2019,'Corop',14,14,34800),(135,2019,'Corop',14,15,0),(136,2019,'Corop',14,16,200),(137,2019,'Corop',14,17,0),(138,2019,'Corop',14,18,0),(139,2019,'Corop',14,19,0),(140,2019,'Corop',14,20,0),(141,2019,'Corop',14,21,0),(142,2019,'Corop',14,22,0),(143,2019,'Corop',14,23,0),(144,2019,'Corop',14,24,0),(145,2019,'Corop',14,25,0),(146,2019,'Corop',14,26,0),(147,2019,'Corop',14,27,500),(148,2019,'Corop',14,28,100),(149,2019,'Corop',14,29,0),(150,2019,'Corop',14,30,800),(151,2019,'Corop',14,31,0),(152,2019,'Corop',14,32,0),(153,2019,'Corop',14,33,0),(154,2019,'Corop',14,34,0),(155,2019,'Corop',14,35,100),(156,2019,'Corop',14,36,0),(157,2019,'Corop',14,37,0),(158,2019,'Corop',14,38,0),(159,2019,'Corop',14,39,0),(160,2019,'Corop',14,40,0),(161,2020,'Corop',1,2,0),(162,2020,'Corop',1,3,0),(163,2020,'Corop',1,4,1600),(164,2020,'Corop',1,5,100),(165,2020,'Corop',1,1,17200),(166,2020,'Corop',1,6,0),(167,2020,'Corop',1,7,0),(168,2020,'Corop',1,8,0),(169,2020,'Corop',1,9,0),(170,2020,'Corop',1,10,5100),(171,2020,'Corop',1,11,100),(172,2020,'Corop',1,12,200),(173,2020,'Corop',1,13,2000),(174,2020,'Corop',1,14,2800),(175,2020,'Corop',1,15,0),(176,2020,'Corop',1,16,0),(177,2020,'Corop',1,17,0),(178,2020,'Corop',1,18,0),(179,2020,'Corop',1,19,0),(180,2020,'Corop',1,20,0),(181,2020,'Corop',1,21,0),(182,2020,'Corop',1,22,0),(183,2020,'Corop',1,23,0),(184,2020,'Corop',1,24,0),(185,2020,'Corop',1,25,0),(186,2020,'Corop',1,26,0),(187,2020,'Corop',1,27,300),(188,2020,'Corop',1,28,0),(189,2020,'Corop',1,29,0),(190,2020,'Corop',1,30,1200),(191,2020,'Corop',1,31,0),(192,2020,'Corop',1,32,0),(193,2020,'Corop',1,33,0),(194,2020,'Corop',1,34,0),(195,2020,'Corop',1,35,0),(196,2020,'Corop',1,36,0),(197,2020,'Corop',1,37,0),(198,2020,'Corop',1,38,0),(199,2020,'Corop',1,39,0),(200,2020,'Corop',1,40,0),(201,2020,'Corop',14,2,0),(202,2020,'Corop',14,3,200),(203,2020,'Corop',14,4,400),(204,2020,'Corop',14,5,0),(205,2020,'Corop',14,1,5600),(206,2020,'Corop',14,6,100),(207,2020,'Corop',14,7,500),(208,2020,'Corop',14,8,0),(209,2020,'Corop',14,9,200),(210,2020,'Corop',14,10,5200),(211,2020,'Corop',14,11,200),(212,2020,'Corop',14,12,300),(213,2020,'Corop',14,13,700),(214,2020,'Corop',14,14,33500),(215,2020,'Corop',14,15,0),(216,2020,'Corop',14,16,0),(217,2020,'Corop',14,17,0),(218,2020,'Corop',14,18,0),(219,2020,'Corop',14,19,0),(220,2020,'Corop',14,20,0),(221,2020,'Corop',14,21,0),(222,2020,'Corop',14,22,0),(223,2020,'Corop',14,23,100),(224,2020,'Corop',14,24,0),(225,2020,'Corop',14,25,0),(226,2020,'Corop',14,26,0),(227,2020,'Corop',14,27,400),(228,2020,'Corop',14,28,200),(229,2020,'Corop',14,29,0),(230,2020,'Corop',14,30,1500),(231,2020,'Corop',14,31,0),(232,2020,'Corop',14,32,0),(233,2020,'Corop',14,33,0),(234,2020,'Corop',14,34,0),(235,2020,'Corop',14,35,0),(236,2020,'Corop',14,36,0),(237,2020,'Corop',14,37,0),(238,2020,'Corop',14,38,0),(239,2020,'Corop',14,39,0),(240,2020,'Corop',14,40,0),(241,2021,'Corop',14,22,0),(242,2022,'Corop',14,22,0),(243,2021,'Corop',14,8,0),(244,2022,'Corop',14,8,0),(245,2021,'Corop',14,24,100),(246,2022,'Corop',14,24,100),(247,2021,'Corop',14,18,100),(248,2022,'Corop',14,18,100),(249,2021,'Corop',14,38,0),(250,2022,'Corop',14,38,100),(251,2021,'Corop',14,34,0),(252,2022,'Corop',14,34,0),(253,2021,'Corop',14,17,0),(254,2022,'Corop',14,17,0),(255,2021,'Corop',14,33,0),(256,2022,'Corop',14,33,0),(257,2021,'Corop',14,37,0),(258,2022,'Corop',14,37,0),(259,2021,'Corop',14,20,100),(260,2022,'Corop',14,20,100),(261,2021,'Corop',14,40,0),(262,2022,'Corop',14,40,0),(263,2021,'Corop',14,26,100),(264,2022,'Corop',14,26,100),(265,2021,'Corop',14,28,100),(266,2022,'Corop',14,28,100),(267,2021,'Corop',14,2,0),(268,2022,'Corop',14,2,0),(269,2021,'Corop',14,6,100),(270,2022,'Corop',14,6,100),(271,2021,'Corop',14,39,0),(272,2022,'Corop',14,39,0),(273,2021,'Corop',14,27,500),(274,2022,'Corop',14,27,700),(275,2021,'Corop',14,14,36700),(276,2022,'Corop',14,14,37400),(277,2021,'Corop',14,1,4900),(278,2022,'Corop',14,1,5000),(279,2021,'Corop',14,13,600),(280,2022,'Corop',14,13,800),(281,2021,'Corop',14,4,300),(282,2022,'Corop',14,4,300),(283,2021,'Corop',14,30,600),(284,2022,'Corop',14,30,500),(285,2021,'Corop',14,10,5400),(286,2022,'Corop',14,10,5900),(287,2021,'Corop',14,12,200),(288,2022,'Corop',14,12,200),(289,2021,'Corop',14,5,100),(290,2022,'Corop',14,5,100),(291,2021,'Corop',14,3,200),(292,2022,'Corop',14,3,300),(293,2021,'Corop',14,7,300),(294,2022,'Corop',14,7,400),(295,2021,'Corop',14,23,100),(296,2022,'Corop',14,23,100),(297,2021,'Corop',14,11,300),(298,2022,'Corop',14,11,300),(299,2021,'Corop',14,36,100),(300,2022,'Corop',14,36,100),(301,2021,'Corop',14,31,0),(302,2022,'Corop',14,31,0),(303,2021,'Corop',14,25,0),(304,2022,'Corop',14,25,0),(305,2021,'Corop',14,29,100),(306,2022,'Corop',14,29,100),(307,2021,'Corop',14,16,100),(308,2022,'Corop',14,16,100),(309,2021,'Corop',14,21,100),(310,2022,'Corop',14,21,100),(311,2021,'Corop',14,35,100),(312,2022,'Corop',14,35,100),(313,2021,'Corop',14,19,0),(314,2022,'Corop',14,19,0),(315,2021,'Corop',14,15,0),(316,2022,'Corop',14,15,0),(317,2021,'Corop',14,32,0),(318,2022,'Corop',14,32,0),(319,2021,'Corop',14,9,300),(320,2022,'Corop',14,9,400),(321,2021,'Corop',1,22,0),(322,2022,'Corop',1,22,0),(323,2021,'Corop',1,8,0),(324,2022,'Corop',1,8,0),(325,2021,'Corop',1,24,0),(326,2022,'Corop',1,24,0),(327,2021,'Corop',1,18,0),(328,2022,'Corop',1,18,0),(329,2021,'Corop',1,38,0),(330,2022,'Corop',1,38,0),(331,2021,'Corop',1,34,0),(332,2022,'Corop',1,34,0),(333,2021,'Corop',1,17,0),(334,2022,'Corop',1,17,0),(335,2021,'Corop',1,33,0),(336,2022,'Corop',1,33,0),(337,2021,'Corop',1,37,0),(338,2022,'Corop',1,37,0),(339,2021,'Corop',1,20,0),(340,2022,'Corop',1,20,0),(341,2021,'Corop',1,40,0),(342,2022,'Corop',1,40,0),(343,2021,'Corop',1,26,0),(344,2022,'Corop',1,26,0),(345,2021,'Corop',1,28,100),(346,2022,'Corop',1,28,0),(347,2021,'Corop',1,2,0),(348,2022,'Corop',1,2,0),(349,2021,'Corop',1,6,100),(350,2022,'Corop',1,6,100),(351,2021,'Corop',1,39,0),(352,2022,'Corop',1,39,0),(353,2021,'Corop',1,27,400),(354,2022,'Corop',1,27,400),(355,2021,'Corop',1,14,2600),(356,2022,'Corop',1,14,2500),(357,2021,'Corop',1,1,20800),(358,2022,'Corop',1,1,21700),(359,2021,'Corop',1,13,1700),(360,2022,'Corop',1,13,1900),(361,2021,'Corop',1,4,500),(362,2022,'Corop',1,4,400),(363,2021,'Corop',1,30,800),(364,2022,'Corop',1,30,700),(365,2021,'Corop',1,10,4400),(366,2022,'Corop',1,10,4600),(367,2021,'Corop',1,12,100),(368,2022,'Corop',1,12,100),(369,2021,'Corop',1,5,100),(370,2022,'Corop',1,5,100),(371,2021,'Corop',1,3,100),(372,2022,'Corop',1,3,200),(373,2021,'Corop',1,7,0),(374,2022,'Corop',1,7,0),(375,2021,'Corop',1,23,0),(376,2022,'Corop',1,23,0),(377,2021,'Corop',1,11,100),(378,2022,'Corop',1,11,200),(379,2021,'Corop',1,36,0),(380,2022,'Corop',1,36,0),(381,2021,'Corop',1,31,0),(382,2022,'Corop',1,31,0),(383,2021,'Corop',1,25,0),(384,2022,'Corop',1,25,0),(385,2021,'Corop',1,29,100),(386,2022,'Corop',1,29,0),(387,2021,'Corop',1,16,200),(388,2022,'Corop',1,16,100),(389,2021,'Corop',1,21,100),(390,2022,'Corop',1,21,100),(391,2021,'Corop',1,35,100),(392,2022,'Corop',1,35,200),(393,2021,'Corop',1,19,0),(394,2022,'Corop',1,19,0),(395,2021,'Corop',1,15,0),(396,2022,'Corop',1,15,0),(397,2021,'Corop',1,32,0),(398,2022,'Corop',1,32,0),(399,2021,'Corop',1,9,100),(400,2022,'Corop',1,9,100);
/*!40000 ALTER TABLE `jongeren_woon_en_werkregio` ENABLE KEYS */;
UNLOCK TABLES;

--
-- Table structure for table `opleidingssectoren`
--

DROP TABLE IF EXISTS `opleidingssectoren`;
/*!40101 SET @saved_cs_client     = @@character_set_client */;
/*!50503 SET character_set_client = utf8mb4 */;
CREATE TABLE `opleidingssectoren` (
  `id` int NOT NULL AUTO_INCREMENT,
  `name` varchar(255) DEFAULT NULL,
  PRIMARY KEY (`id`)
) ENGINE=InnoDB AUTO_INCREMENT=12 DEFAULT CHARSET=utf8mb4 COLLATE=utf8mb4_0900_ai_ci;
/*!40101 SET character_set_client = @saved_cs_client */;

--
-- Dumping data for table `opleidingssectoren`
--

LOCK TABLES `opleidingssectoren` WRITE;
/*!40000 ALTER TABLE `opleidingssectoren` DISABLE KEYS */;
INSERT INTO `opleidingssectoren` VALUES (1,'Techniek'),(2,'Economie'),(3,'Natuur'),(4,'Onderwijs'),(5,'Totaal energietransitie'),(6,'Sectoroverstijgend'),(7,'Landbouw en natuurlijke omgeving'),(8,'Gedrag en maatschappij'),(9,'Gezondheidszorg'),(10,'Taal en cultuur'),(11,'Recht');
/*!40000 ALTER TABLE `opleidingssectoren` ENABLE KEYS */;
UNLOCK TABLES;

--
-- Table structure for table `prognoses_professionals`
--

DROP TABLE IF EXISTS `prognoses_professionals`;
/*!40101 SET @saved_cs_client     = @@character_set_client */;
/*!50503 SET character_set_client = utf8mb4 */;
CREATE TABLE `prognoses_professionals` (
  `id` int NOT NULL AUTO_INCREMENT,
  `jaar` int DEFAULT NULL,
  `banen` int DEFAULT NULL,
  `werk_in_NHN` enum('Ja','Geen') DEFAULT NULL,
  `leeftijd` enum('Jonge','Volwassen') DEFAULT NULL,
  PRIMARY KEY (`id`)
) ENGINE=InnoDB AUTO_INCREMENT=41 DEFAULT CHARSET=utf8mb4 COLLATE=utf8mb4_0900_ai_ci;
/*!40101 SET character_set_client = @saved_cs_client */;

--
-- Dumping data for table `prognoses_professionals`
--

LOCK TABLES `prognoses_professionals` WRITE;
/*!40000 ALTER TABLE `prognoses_professionals` DISABLE KEYS */;
INSERT INTO `prognoses_professionals` VALUES (1,2018,61500,'Ja','Jonge'),(2,2019,61000,'Ja','Jonge'),(3,2020,59100,'Ja','Jonge'),(4,2021,65000,'Ja','Jonge'),(5,2022,66600,'Ja','Jonge'),(6,2023,63566,'Ja','Jonge'),(7,2024,65055,'Ja','Jonge'),(8,2025,65073,'Ja','Jonge'),(9,2026,64564,'Ja','Jonge'),(10,2027,64897,'Ja','Jonge'),(11,2018,19300,'Geen','Jonge'),(12,2019,21000,'Geen','Jonge'),(13,2020,20600,'Geen','Jonge'),(14,2021,19000,'Geen','Jonge'),(15,2022,20400,'Geen','Jonge'),(16,2023,20000,'Geen','Jonge'),(17,2024,19800,'Geen','Jonge'),(18,2025,20066,'Geen','Jonge'),(19,2026,19955,'Geen','Jonge'),(20,2027,19940,'Geen','Jonge'),(21,2018,143000,'Ja','Volwassen'),(22,2019,142800,'Ja','Volwassen'),(23,2020,142700,'Ja','Volwassen'),(24,2021,149800,'Ja','Volwassen'),(25,2022,151200,'Ja','Volwassen'),(26,2023,147900,'Ja','Volwassen'),(27,2024,149633,'Ja','Volwassen'),(28,2025,149577,'Ja','Volwassen'),(29,2026,149036,'Ja','Volwassen'),(30,2027,149415,'Ja','Volwassen'),(31,2018,61000,'Geen','Volwassen'),(32,2019,64400,'Geen','Volwassen'),(33,2020,63200,'Geen','Volwassen'),(34,2021,62800,'Geen','Volwassen'),(35,2022,65800,'Geen','Volwassen'),(36,2023,63933,'Geen','Volwassen'),(37,2024,64177,'Geen','Volwassen'),(38,2025,64636,'Geen','Volwassen'),(39,2026,64248,'Geen','Volwassen'),(40,2027,64353,'Geen','Volwassen');
/*!40000 ALTER TABLE `prognoses_professionals` ENABLE KEYS */;
UNLOCK TABLES;

--
-- Table structure for table `prognoses_studenten`
--

DROP TABLE IF EXISTS `prognoses_studenten`;
/*!40101 SET @saved_cs_client     = @@character_set_client */;
/*!50503 SET character_set_client = utf8mb4 */;
CREATE TABLE `prognoses_studenten` (
  `id` int NOT NULL AUTO_INCREMENT,
  `schooljaar` varchar(255) DEFAULT NULL,
  `aantal` int DEFAULT NULL,
  `soort_hoger_onderwijs_id` int DEFAULT NULL,
  PRIMARY KEY (`id`)
) ENGINE=InnoDB AUTO_INCREMENT=21 DEFAULT CHARSET=utf8mb4 COLLATE=utf8mb4_0900_ai_ci;
/*!40101 SET character_set_client = @saved_cs_client */;

--
-- Dumping data for table `prognoses_studenten`
--

LOCK TABLES `prognoses_studenten` WRITE;
/*!40000 ALTER TABLE `prognoses_studenten` DISABLE KEYS */;
INSERT INTO `prognoses_studenten` VALUES (1,'2018/2019',14231,2),(2,'2019/2020',14578,2),(3,'2020/2021',15819,2),(4,'2021/2022',15990,2),(5,'2022/2023',15383,2),(6,'2023/2024',15730,2),(7,'2024/2025',15701,2),(8,'2025/2026',15604,2),(9,'2026/2027',15678,2),(10,'2027/2028',15661,2),(11,'2018/2019',4571,1),(12,'2019/2020',4907,1),(13,'2020/2021',5423,1),(14,'2021/2022',5560,1),(15,'2022/2023',5478,1),(16,'2023/2024',5487,1),(17,'2024/2025',5508,1),(18,'2025/2026',5491,1),(19,'2026/2027',5495,1),(20,'2027/2028',5498,1);
/*!40000 ALTER TABLE `prognoses_studenten` ENABLE KEYS */;
UNLOCK TABLES;

--
-- Table structure for table `soort_hoger_onderwijs`
--

DROP TABLE IF EXISTS `soort_hoger_onderwijs`;
/*!40101 SET @saved_cs_client     = @@character_set_client */;
/*!50503 SET character_set_client = utf8mb4 */;
CREATE TABLE `soort_hoger_onderwijs` (
  `id` int NOT NULL AUTO_INCREMENT,
  `type` varchar(255) DEFAULT NULL,
  PRIMARY KEY (`id`)
) ENGINE=InnoDB AUTO_INCREMENT=3 DEFAULT CHARSET=utf8mb4 COLLATE=utf8mb4_0900_ai_ci;
/*!40101 SET character_set_client = @saved_cs_client */;

--
-- Dumping data for table `soort_hoger_onderwijs`
--

LOCK TABLES `soort_hoger_onderwijs` WRITE;
/*!40000 ALTER TABLE `soort_hoger_onderwijs` DISABLE KEYS */;
INSERT INTO `soort_hoger_onderwijs` VALUES (1,'WO'),(2,'HBO');
/*!40000 ALTER TABLE `soort_hoger_onderwijs` ENABLE KEYS */;
UNLOCK TABLES;

--
-- Table structure for table `studenten_woon_en_werkregio`
--

DROP TABLE IF EXISTS `studenten_woon_en_werkregio`;
/*!40101 SET @saved_cs_client     = @@character_set_client */;
/*!50503 SET character_set_client = utf8mb4 */;
CREATE TABLE `studenten_woon_en_werkregio` (
  `id` int NOT NULL AUTO_INCREMENT,
  `Diplomajaar` int DEFAULT NULL,
  `Werkregio` varchar(255) DEFAULT NULL,
  `Peilmoment` varchar(255) DEFAULT NULL,
  `Aantal` int DEFAULT NULL,
  PRIMARY KEY (`id`)
) ENGINE=InnoDB AUTO_INCREMENT=37 DEFAULT CHARSET=utf8mb4 COLLATE=utf8mb4_0900_ai_ci;
/*!40101 SET character_set_client = @saved_cs_client */;

--
-- Dumping data for table `studenten_woon_en_werkregio`
--

LOCK TABLES `studenten_woon_en_werkregio` WRITE;
/*!40000 ALTER TABLE `studenten_woon_en_werkregio` DISABLE KEYS */;
INSERT INTO `studenten_woon_en_werkregio` VALUES (1,2013,'Binnen de regio','1 jaar na afstuderen',2720),(2,2013,'Binnen de regio','3 jaar na afstuderen',2680),(3,2013,'Binnen de regio','5 jaar na afstuderen',2590),(4,2013,'Buiten de regio','1 jaar na afstuderen',1400),(5,2013,'Buiten de regio','3 jaar na afstuderen',1705),(6,2013,'Buiten de regio','5 jaar na afstuderen',1780),(7,2014,'Binnen de regio','1 jaar na afstuderen',2835),(8,2014,'Binnen de regio','3 jaar na afstuderen',2820),(9,2014,'Binnen de regio','5 jaar na afstuderen',2790),(10,2014,'Buiten de regio','1 jaar na afstuderen',1480),(11,2014,'Buiten de regio','3 jaar na afstuderen',1760),(12,2014,'Buiten de regio','5 jaar na afstuderen',1805),(13,2015,'Binnen de regio','1 jaar na afstuderen',2600),(14,2015,'Binnen de regio','3 jaar na afstuderen',2620),(15,2015,'Binnen de regio','5 jaar na afstuderen',2575),(16,2015,'Buiten de regio','1 jaar na afstuderen',1375),(17,2015,'Buiten de regio','3 jaar na afstuderen',1615),(18,2015,'Buiten de regio','5 jaar na afstuderen',1655),(19,2016,'Binnen de regio','1 jaar na afstuderen',2880),(20,2016,'Binnen de regio','3 jaar na afstuderen',2835),(21,2016,'Binnen de regio','5 jaar na afstuderen',2815),(22,2016,'Buiten de regio','1 jaar na afstuderen',1440),(23,2016,'Buiten de regio','3 jaar na afstuderen',1690),(24,2016,'Buiten de regio','5 jaar na afstuderen',1700),(25,2017,'Binnen de regio','1 jaar na afstuderen',2850),(26,2017,'Binnen de regio','3 jaar na afstuderen',2795),(27,2017,'Buiten de regio','1 jaar na afstuderen',1430),(28,2017,'Buiten de regio','3 jaar na afstuderen',1665),(29,2018,'Binnen de regio','1 jaar na afstuderen',3015),(30,2018,'Binnen de regio','3 jaar na afstuderen',3055),(31,2018,'Buiten de regio','1 jaar na afstuderen',1575),(32,2018,'Buiten de regio','3 jaar na afstuderen',1690),(33,2019,'Binnen de regio','1 jaar na afstuderen',3040),(34,2019,'Buiten de regio','1 jaar na afstuderen',1400),(35,2020,'Binnen de regio','1 jaar na afstuderen',3385),(36,2020,'Buiten de regio','1 jaar na afstuderen',1535);
/*!40000 ALTER TABLE `studenten_woon_en_werkregio` ENABLE KEYS */;
UNLOCK TABLES;

--
-- Table structure for table `studenten_woonregio`
--

DROP TABLE IF EXISTS `studenten_woonregio`;
/*!40101 SET @saved_cs_client     = @@character_set_client */;
/*!50503 SET character_set_client = utf8mb4 */;
CREATE TABLE `studenten_woonregio` (
  `id` int NOT NULL AUTO_INCREMENT,
  `Schooljaar` varchar(255) DEFAULT NULL,
  `Niveau_regio` enum('Gemeente','Corop') NOT NULL,
  `Regio_id` int DEFAULT NULL,
  `Soort_hoger_onderwijs_id` int DEFAULT NULL,
  `Opleidingssector_id` int DEFAULT NULL,
  `Aantal` int DEFAULT NULL,
  PRIMARY KEY (`id`)
) ENGINE=InnoDB AUTO_INCREMENT=1525 DEFAULT CHARSET=utf8mb4 COLLATE=utf8mb4_0900_ai_ci;
/*!40101 SET character_set_client = @saved_cs_client */;

--
-- Dumping data for table `studenten_woonregio`
--

LOCK TABLES `studenten_woonregio` WRITE;
/*!40000 ALTER TABLE `studenten_woonregio` DISABLE KEYS */;
INSERT INTO `studenten_woonregio` VALUES (1,'2018/2019','Gemeente',1,2,2,829),(2,'2018/2019','Gemeente',1,2,8,362),(3,'2018/2019','Gemeente',1,2,9,238),(4,'2018/2019','Gemeente',1,2,7,39),(5,'2018/2019','Gemeente',1,2,4,361),(6,'2018/2019','Gemeente',1,2,10,36),(7,'2018/2019','Gemeente',1,2,1,438),(8,'2018/2019','Gemeente',1,2,5,438),(9,'2018/2019','Gemeente',1,1,2,81),(10,'2018/2019','Gemeente',1,1,8,167),(11,'2018/2019','Gemeente',1,1,9,101),(12,'2018/2019','Gemeente',1,1,7,18),(13,'2018/2019','Gemeente',1,1,3,111),(14,'2018/2019','Gemeente',1,1,4,9),(15,'2018/2019','Gemeente',1,1,11,100),(16,'2018/2019','Gemeente',1,1,6,21),(17,'2018/2019','Gemeente',1,1,10,97),(18,'2018/2019','Gemeente',1,1,1,56),(19,'2018/2019','Gemeente',1,1,5,167),(20,'2018/2019','Gemeente',2,2,2,209),(21,'2018/2019','Gemeente',2,2,8,56),(22,'2018/2019','Gemeente',2,2,9,37),(23,'2018/2019','Gemeente',2,2,7,11),(24,'2018/2019','Gemeente',2,2,4,69),(25,'2018/2019','Gemeente',2,2,10,11),(26,'2018/2019','Gemeente',2,2,1,118),(27,'2018/2019','Gemeente',2,2,5,118),(28,'2018/2019','Gemeente',2,1,2,52),(29,'2018/2019','Gemeente',2,1,8,50),(30,'2018/2019','Gemeente',2,1,9,31),(31,'2018/2019','Gemeente',2,1,7,2),(32,'2018/2019','Gemeente',2,1,3,43),(33,'2018/2019','Gemeente',2,1,4,1),(34,'2018/2019','Gemeente',2,1,11,32),(35,'2018/2019','Gemeente',2,1,6,14),(36,'2018/2019','Gemeente',2,1,10,41),(37,'2018/2019','Gemeente',2,1,1,15),(38,'2018/2019','Gemeente',2,1,5,58),(39,'2018/2019','Gemeente',3,2,2,335),(40,'2018/2019','Gemeente',3,2,8,94),(41,'2018/2019','Gemeente',3,2,9,98),(42,'2018/2019','Gemeente',3,2,7,15),(43,'2018/2019','Gemeente',3,2,4,135),(44,'2018/2019','Gemeente',3,2,10,17),(45,'2018/2019','Gemeente',3,2,1,232),(46,'2018/2019','Gemeente',3,2,5,232),(47,'2018/2019','Gemeente',3,1,2,56),(48,'2018/2019','Gemeente',3,1,8,69),(49,'2018/2019','Gemeente',3,1,9,70),(50,'2018/2019','Gemeente',3,1,7,11),(51,'2018/2019','Gemeente',3,1,3,64),(52,'2018/2019','Gemeente',3,1,11,38),(53,'2018/2019','Gemeente',3,1,6,19),(54,'2018/2019','Gemeente',3,1,10,40),(55,'2018/2019','Gemeente',3,1,1,32),(56,'2018/2019','Gemeente',3,1,5,96),(57,'2018/2019','Gemeente',4,2,2,238),(58,'2018/2019','Gemeente',4,2,8,128),(59,'2018/2019','Gemeente',4,2,9,96),(60,'2018/2019','Gemeente',4,2,7,14),(61,'2018/2019','Gemeente',4,2,4,148),(62,'2018/2019','Gemeente',4,2,10,6),(63,'2018/2019','Gemeente',4,2,1,178),(64,'2018/2019','Gemeente',4,2,5,178),(65,'2018/2019','Gemeente',4,1,2,19),(66,'2018/2019','Gemeente',4,1,8,33),(67,'2018/2019','Gemeente',4,1,9,18),(68,'2018/2019','Gemeente',4,1,7,5),(69,'2018/2019','Gemeente',4,1,3,19),(70,'2018/2019','Gemeente',4,1,4,1),(71,'2018/2019','Gemeente',4,1,11,17),(72,'2018/2019','Gemeente',4,1,6,2),(73,'2018/2019','Gemeente',4,1,10,26),(74,'2018/2019','Gemeente',4,1,1,7),(75,'2018/2019','Gemeente',4,1,5,26),(76,'2018/2019','Gemeente',5,2,2,124),(77,'2018/2019','Gemeente',5,2,8,42),(78,'2018/2019','Gemeente',5,2,9,43),(79,'2018/2019','Gemeente',5,2,7,22),(80,'2018/2019','Gemeente',5,2,4,62),(81,'2018/2019','Gemeente',5,2,10,2),(82,'2018/2019','Gemeente',5,2,1,93),(83,'2018/2019','Gemeente',5,2,5,93),(84,'2018/2019','Gemeente',5,1,2,19),(85,'2018/2019','Gemeente',5,1,8,20),(86,'2018/2019','Gemeente',5,1,9,15),(87,'2018/2019','Gemeente',5,1,7,5),(88,'2018/2019','Gemeente',5,1,3,22),(89,'2018/2019','Gemeente',5,1,4,1),(90,'2018/2019','Gemeente',5,1,11,11),(91,'2018/2019','Gemeente',5,1,6,2),(92,'2018/2019','Gemeente',5,1,10,13),(93,'2018/2019','Gemeente',5,1,1,10),(94,'2018/2019','Gemeente',5,1,5,32),(95,'2018/2019','Gemeente',6,2,2,92),(96,'2018/2019','Gemeente',6,2,8,41),(97,'2018/2019','Gemeente',6,2,9,36),(98,'2018/2019','Gemeente',6,2,7,9),(99,'2018/2019','Gemeente',6,2,4,65),(100,'2018/2019','Gemeente',6,2,10,2),(101,'2018/2019','Gemeente',6,2,1,56),(102,'2018/2019','Gemeente',6,2,5,56),(103,'2018/2019','Gemeente',6,1,2,14),(104,'2018/2019','Gemeente',6,1,8,22),(105,'2018/2019','Gemeente',6,1,9,12),(106,'2018/2019','Gemeente',6,1,7,6),(107,'2018/2019','Gemeente',6,1,3,16),(108,'2018/2019','Gemeente',6,1,11,5),(109,'2018/2019','Gemeente',6,1,10,5),(110,'2018/2019','Gemeente',6,1,1,3),(111,'2018/2019','Gemeente',6,1,5,19),(112,'2018/2019','Gemeente',7,2,2,187),(113,'2018/2019','Gemeente',7,2,8,62),(114,'2018/2019','Gemeente',7,2,9,62),(115,'2018/2019','Gemeente',7,2,7,6),(116,'2018/2019','Gemeente',7,2,4,95),(117,'2018/2019','Gemeente',7,2,10,7),(118,'2018/2019','Gemeente',7,2,1,120),(119,'2018/2019','Gemeente',7,2,5,120),(120,'2018/2019','Gemeente',7,1,2,52),(121,'2018/2019','Gemeente',7,1,8,45),(122,'2018/2019','Gemeente',7,1,9,29),(123,'2018/2019','Gemeente',7,1,7,4),(124,'2018/2019','Gemeente',7,1,3,38),(125,'2018/2019','Gemeente',7,1,4,6),(126,'2018/2019','Gemeente',7,1,11,19),(127,'2018/2019','Gemeente',7,1,6,2),(128,'2018/2019','Gemeente',7,1,10,33),(129,'2018/2019','Gemeente',7,1,1,22),(130,'2018/2019','Gemeente',7,1,5,60),(131,'2018/2019','Gemeente',8,2,2,282),(132,'2018/2019','Gemeente',8,2,8,90),(133,'2018/2019','Gemeente',8,2,9,81),(134,'2018/2019','Gemeente',8,2,7,85),(135,'2018/2019','Gemeente',8,2,4,137),(136,'2018/2019','Gemeente',8,2,10,10),(137,'2018/2019','Gemeente',8,2,1,210),(138,'2018/2019','Gemeente',8,2,5,210),(139,'2018/2019','Gemeente',8,1,2,20),(140,'2018/2019','Gemeente',8,1,8,41),(141,'2018/2019','Gemeente',8,1,9,14),(142,'2018/2019','Gemeente',8,1,7,4),(143,'2018/2019','Gemeente',8,1,3,26),(144,'2018/2019','Gemeente',8,1,4,1),(145,'2018/2019','Gemeente',8,1,11,15),(146,'2018/2019','Gemeente',8,1,6,3),(147,'2018/2019','Gemeente',8,1,10,22),(148,'2018/2019','Gemeente',8,1,1,17),(149,'2018/2019','Gemeente',8,1,5,43),(150,'2018/2019','Gemeente',9,2,2,550),(151,'2018/2019','Gemeente',9,2,8,195),(152,'2018/2019','Gemeente',9,2,9,145),(153,'2018/2019','Gemeente',9,2,7,28),(154,'2018/2019','Gemeente',9,2,4,251),(155,'2018/2019','Gemeente',9,2,10,27),(156,'2018/2019','Gemeente',9,2,1,279),(157,'2018/2019','Gemeente',9,2,5,279),(158,'2018/2019','Gemeente',9,1,2,67),(159,'2018/2019','Gemeente',9,1,8,117),(160,'2018/2019','Gemeente',9,1,9,70),(161,'2018/2019','Gemeente',9,1,7,11),(162,'2018/2019','Gemeente',9,1,3,91),(163,'2018/2019','Gemeente',9,1,4,4),(164,'2018/2019','Gemeente',9,1,11,78),(165,'2018/2019','Gemeente',9,1,6,7),(166,'2018/2019','Gemeente',9,1,10,69),(167,'2018/2019','Gemeente',9,1,1,26),(168,'2018/2019','Gemeente',9,1,5,117),(169,'2018/2019','Gemeente',10,2,2,190),(170,'2018/2019','Gemeente',10,2,8,49),(171,'2018/2019','Gemeente',10,2,9,62),(172,'2018/2019','Gemeente',10,2,7,19),(173,'2018/2019','Gemeente',10,2,4,63),(174,'2018/2019','Gemeente',10,2,10,7),(175,'2018/2019','Gemeente',10,2,1,140),(176,'2018/2019','Gemeente',10,2,5,140),(177,'2018/2019','Gemeente',10,1,2,15),(178,'2018/2019','Gemeente',10,1,8,26),(179,'2018/2019','Gemeente',10,1,9,10),(180,'2018/2019','Gemeente',10,1,7,3),(181,'2018/2019','Gemeente',10,1,3,27),(182,'2018/2019','Gemeente',10,1,4,1),(183,'2018/2019','Gemeente',10,1,11,12),(184,'2018/2019','Gemeente',10,1,6,2),(185,'2018/2019','Gemeente',10,1,10,10),(186,'2018/2019','Gemeente',10,1,1,9),(187,'2018/2019','Gemeente',10,1,5,36),(188,'2018/2019','Gemeente',11,2,2,292),(189,'2018/2019','Gemeente',11,2,8,89),(190,'2018/2019','Gemeente',11,2,9,89),(191,'2018/2019','Gemeente',11,2,7,53),(192,'2018/2019','Gemeente',11,2,4,143),(193,'2018/2019','Gemeente',11,2,10,13),(194,'2018/2019','Gemeente',11,2,1,212),(195,'2018/2019','Gemeente',11,2,5,212),(196,'2018/2019','Gemeente',11,1,2,35),(197,'2018/2019','Gemeente',11,1,8,45),(198,'2018/2019','Gemeente',11,1,9,31),(199,'2018/2019','Gemeente',11,1,7,5),(200,'2018/2019','Gemeente',11,1,3,50),(201,'2018/2019','Gemeente',11,1,4,3),(202,'2018/2019','Gemeente',11,1,11,29),(203,'2018/2019','Gemeente',11,1,6,6),(204,'2018/2019','Gemeente',11,1,10,26),(205,'2018/2019','Gemeente',11,1,1,12),(206,'2018/2019','Gemeente',11,1,5,62),(207,'2018/2019','Gemeente',12,2,2,102),(208,'2018/2019','Gemeente',12,2,8,38),(209,'2018/2019','Gemeente',12,2,9,29),(210,'2018/2019','Gemeente',12,2,7,15),(211,'2018/2019','Gemeente',12,2,4,33),(212,'2018/2019','Gemeente',12,2,10,4),(213,'2018/2019','Gemeente',12,2,1,65),(214,'2018/2019','Gemeente',12,2,5,65),(215,'2018/2019','Gemeente',12,1,2,9),(216,'2018/2019','Gemeente',12,1,8,21),(217,'2018/2019','Gemeente',12,1,9,8),(218,'2018/2019','Gemeente',12,1,7,1),(219,'2018/2019','Gemeente',12,1,3,16),(220,'2018/2019','Gemeente',12,1,11,7),(221,'2018/2019','Gemeente',12,1,6,2),(222,'2018/2019','Gemeente',12,1,10,7),(223,'2018/2019','Gemeente',12,1,1,3),(224,'2018/2019','Gemeente',12,1,5,19),(225,'2018/2019','Gemeente',13,2,2,343),(226,'2018/2019','Gemeente',13,2,8,106),(227,'2018/2019','Gemeente',13,2,9,90),(228,'2018/2019','Gemeente',13,2,7,49),(229,'2018/2019','Gemeente',13,2,4,137),(230,'2018/2019','Gemeente',13,2,10,11),(231,'2018/2019','Gemeente',13,2,1,208),(232,'2018/2019','Gemeente',13,2,5,208),(233,'2018/2019','Gemeente',13,1,2,27),(234,'2018/2019','Gemeente',13,1,8,46),(235,'2018/2019','Gemeente',13,1,9,30),(236,'2018/2019','Gemeente',13,1,7,14),(237,'2018/2019','Gemeente',13,1,3,37),(238,'2018/2019','Gemeente',13,1,4,2),(239,'2018/2019','Gemeente',13,1,11,13),(240,'2018/2019','Gemeente',13,1,6,4),(241,'2018/2019','Gemeente',13,1,10,36),(242,'2018/2019','Gemeente',13,1,1,16),(243,'2018/2019','Gemeente',13,1,5,53),(244,'2018/2019','Gemeente',14,2,2,143),(245,'2018/2019','Gemeente',14,2,8,44),(246,'2018/2019','Gemeente',14,2,9,59),(247,'2018/2019','Gemeente',14,2,7,16),(248,'2018/2019','Gemeente',14,2,4,58),(249,'2018/2019','Gemeente',14,2,10,5),(250,'2018/2019','Gemeente',14,2,1,87),(251,'2018/2019','Gemeente',14,2,5,87),(252,'2018/2019','Gemeente',14,1,2,19),(253,'2018/2019','Gemeente',14,1,8,20),(254,'2018/2019','Gemeente',14,1,9,21),(255,'2018/2019','Gemeente',14,1,7,3),(256,'2018/2019','Gemeente',14,1,3,28),(257,'2018/2019','Gemeente',14,1,4,3),(258,'2018/2019','Gemeente',14,1,11,11),(259,'2018/2019','Gemeente',14,1,6,3),(260,'2018/2019','Gemeente',14,1,10,12),(261,'2018/2019','Gemeente',14,1,1,2),(262,'2018/2019','Gemeente',14,1,5,30),(263,'2018/2019','Gemeente',15,2,2,50),(264,'2018/2019','Gemeente',15,2,8,7),(265,'2018/2019','Gemeente',15,2,9,14),(266,'2018/2019','Gemeente',15,2,7,6),(267,'2018/2019','Gemeente',15,2,4,27),(268,'2018/2019','Gemeente',15,2,10,3),(269,'2018/2019','Gemeente',15,2,1,27),(270,'2018/2019','Gemeente',15,2,5,27),(271,'2018/2019','Gemeente',15,1,2,9),(272,'2018/2019','Gemeente',15,1,8,13),(273,'2018/2019','Gemeente',15,1,9,2),(274,'2018/2019','Gemeente',15,1,7,6),(275,'2018/2019','Gemeente',15,1,3,13),(276,'2018/2019','Gemeente',15,1,4,1),(277,'2018/2019','Gemeente',15,1,11,5),(278,'2018/2019','Gemeente',15,1,6,2),(279,'2018/2019','Gemeente',15,1,10,4),(280,'2018/2019','Gemeente',15,1,1,1),(281,'2018/2019','Gemeente',15,1,5,14),(282,'2018/2019','Gemeente',16,2,2,116),(283,'2018/2019','Gemeente',16,2,8,51),(284,'2018/2019','Gemeente',16,2,9,42),(285,'2018/2019','Gemeente',16,2,7,7),(286,'2018/2019','Gemeente',16,2,4,41),(287,'2018/2019','Gemeente',16,2,10,4),(288,'2018/2019','Gemeente',16,2,1,82),(289,'2018/2019','Gemeente',16,2,5,82),(290,'2018/2019','Gemeente',16,1,2,21),(291,'2018/2019','Gemeente',16,1,8,21),(292,'2018/2019','Gemeente',16,1,9,15),(293,'2018/2019','Gemeente',16,1,7,1),(294,'2018/2019','Gemeente',16,1,3,26),(295,'2018/2019','Gemeente',16,1,4,1),(296,'2018/2019','Gemeente',16,1,11,12),(297,'2018/2019','Gemeente',16,1,6,3),(298,'2018/2019','Gemeente',16,1,10,17),(299,'2018/2019','Gemeente',16,1,1,10),(300,'2018/2019','Gemeente',16,1,5,36),(301,'2019/2020','Gemeente',1,2,2,808),(302,'2019/2020','Gemeente',1,2,8,337),(303,'2019/2020','Gemeente',1,2,9,256),(304,'2019/2020','Gemeente',1,2,7,35),(305,'2019/2020','Gemeente',1,2,4,355),(306,'2019/2020','Gemeente',1,2,10,34),(307,'2019/2020','Gemeente',1,2,1,436),(308,'2019/2020','Gemeente',1,2,5,436),(309,'2019/2020','Gemeente',1,1,2,83),(310,'2019/2020','Gemeente',1,1,8,196),(311,'2019/2020','Gemeente',1,1,9,104),(312,'2019/2020','Gemeente',1,1,7,18),(313,'2019/2020','Gemeente',1,1,3,122),(314,'2019/2020','Gemeente',1,1,4,8),(315,'2019/2020','Gemeente',1,1,11,118),(316,'2019/2020','Gemeente',1,1,6,20),(317,'2019/2020','Gemeente',1,1,10,107),(318,'2019/2020','Gemeente',1,1,1,55),(319,'2019/2020','Gemeente',1,1,5,177),(320,'2019/2020','Gemeente',2,2,2,217),(321,'2019/2020','Gemeente',2,2,8,66),(322,'2019/2020','Gemeente',2,2,9,40),(323,'2019/2020','Gemeente',2,2,7,12),(324,'2019/2020','Gemeente',2,2,4,80),(325,'2019/2020','Gemeente',2,2,10,13),(326,'2019/2020','Gemeente',2,2,1,112),(327,'2019/2020','Gemeente',2,2,5,112),(328,'2019/2020','Gemeente',2,1,2,53),(329,'2019/2020','Gemeente',2,1,8,54),(330,'2019/2020','Gemeente',2,1,9,34),(331,'2019/2020','Gemeente',2,1,7,2),(332,'2019/2020','Gemeente',2,1,3,48),(333,'2019/2020','Gemeente',2,1,11,35),(334,'2019/2020','Gemeente',2,1,6,12),(335,'2019/2020','Gemeente',2,1,10,43),(336,'2019/2020','Gemeente',2,1,1,13),(337,'2019/2020','Gemeente',2,1,5,61),(338,'2019/2020','Gemeente',3,2,2,334),(339,'2019/2020','Gemeente',3,2,8,121),(340,'2019/2020','Gemeente',3,2,9,105),(341,'2019/2020','Gemeente',3,2,7,17),(342,'2019/2020','Gemeente',3,2,4,143),(343,'2019/2020','Gemeente',3,2,6,1),(344,'2019/2020','Gemeente',3,2,10,18),(345,'2019/2020','Gemeente',3,2,1,238),(346,'2019/2020','Gemeente',3,2,5,238),(347,'2019/2020','Gemeente',3,1,2,63),(348,'2019/2020','Gemeente',3,1,8,79),(349,'2019/2020','Gemeente',3,1,9,79),(350,'2019/2020','Gemeente',3,1,7,3),(351,'2019/2020','Gemeente',3,1,3,69),(352,'2019/2020','Gemeente',3,1,11,41),(353,'2019/2020','Gemeente',3,1,6,16),(354,'2019/2020','Gemeente',3,1,10,44),(355,'2019/2020','Gemeente',3,1,1,27),(356,'2019/2020','Gemeente',3,1,5,96),(357,'2019/2020','Gemeente',4,2,2,246),(358,'2019/2020','Gemeente',4,2,8,130),(359,'2019/2020','Gemeente',4,2,9,92),(360,'2019/2020','Gemeente',4,2,7,10),(361,'2019/2020','Gemeente',4,2,4,147),(362,'2019/2020','Gemeente',4,2,6,1),(363,'2019/2020','Gemeente',4,2,10,9),(364,'2019/2020','Gemeente',4,2,1,194),(365,'2019/2020','Gemeente',4,2,5,194),(366,'2019/2020','Gemeente',4,1,2,23),(367,'2019/2020','Gemeente',4,1,8,31),(368,'2019/2020','Gemeente',4,1,9,27),(369,'2019/2020','Gemeente',4,1,7,4),(370,'2019/2020','Gemeente',4,1,3,25),(371,'2019/2020','Gemeente',4,1,4,1),(372,'2019/2020','Gemeente',4,1,11,17),(373,'2019/2020','Gemeente',4,1,6,2),(374,'2019/2020','Gemeente',4,1,10,23),(375,'2019/2020','Gemeente',4,1,1,7),(376,'2019/2020','Gemeente',4,1,5,32),(377,'2019/2020','Gemeente',5,2,2,131),(378,'2019/2020','Gemeente',5,2,8,46),(379,'2019/2020','Gemeente',5,2,9,37),(380,'2019/2020','Gemeente',5,2,7,17),(381,'2019/2020','Gemeente',5,2,4,70),(382,'2019/2020','Gemeente',5,2,10,4),(383,'2019/2020','Gemeente',5,2,1,86),(384,'2019/2020','Gemeente',5,2,5,86),(385,'2019/2020','Gemeente',5,1,2,17),(386,'2019/2020','Gemeente',5,1,8,18),(387,'2019/2020','Gemeente',5,1,9,15),(388,'2019/2020','Gemeente',5,1,7,6),(389,'2019/2020','Gemeente',5,1,3,21),(390,'2019/2020','Gemeente',5,1,4,1),(391,'2019/2020','Gemeente',5,1,11,16),(392,'2019/2020','Gemeente',5,1,6,4),(393,'2019/2020','Gemeente',5,1,10,14),(394,'2019/2020','Gemeente',5,1,1,8),(395,'2019/2020','Gemeente',5,1,5,29),(396,'2019/2020','Gemeente',6,2,2,103),(397,'2019/2020','Gemeente',6,2,8,37),(398,'2019/2020','Gemeente',6,2,9,38),(399,'2019/2020','Gemeente',6,2,7,7),(400,'2019/2020','Gemeente',6,2,4,63),(401,'2019/2020','Gemeente',6,2,6,1),(402,'2019/2020','Gemeente',6,2,10,3),(403,'2019/2020','Gemeente',6,2,1,70),(404,'2019/2020','Gemeente',6,2,5,70),(405,'2019/2020','Gemeente',6,1,2,13),(406,'2019/2020','Gemeente',6,1,8,21),(407,'2019/2020','Gemeente',6,1,9,15),(408,'2019/2020','Gemeente',6,1,7,2),(409,'2019/2020','Gemeente',6,1,3,19),(410,'2019/2020','Gemeente',6,1,11,3),(411,'2019/2020','Gemeente',6,1,6,3),(412,'2019/2020','Gemeente',6,1,10,6),(413,'2019/2020','Gemeente',6,1,1,3),(414,'2019/2020','Gemeente',6,1,5,22),(415,'2019/2020','Gemeente',7,2,2,227),(416,'2019/2020','Gemeente',7,2,8,65),(417,'2019/2020','Gemeente',7,2,9,75),(418,'2019/2020','Gemeente',7,2,7,10),(419,'2019/2020','Gemeente',7,2,4,81),(420,'2019/2020','Gemeente',7,2,10,11),(421,'2019/2020','Gemeente',7,2,1,126),(422,'2019/2020','Gemeente',7,2,5,126),(423,'2019/2020','Gemeente',7,1,2,45),(424,'2019/2020','Gemeente',7,1,8,44),(425,'2019/2020','Gemeente',7,1,9,33),(426,'2019/2020','Gemeente',7,1,7,7),(427,'2019/2020','Gemeente',7,1,3,50),(428,'2019/2020','Gemeente',7,1,4,6),(429,'2019/2020','Gemeente',7,1,11,27),(430,'2019/2020','Gemeente',7,1,6,7),(431,'2019/2020','Gemeente',7,1,10,32),(432,'2019/2020','Gemeente',7,1,1,23),(433,'2019/2020','Gemeente',7,1,5,73),(434,'2019/2020','Gemeente',8,2,2,288),(435,'2019/2020','Gemeente',8,2,8,108),(436,'2019/2020','Gemeente',8,2,9,97),(437,'2019/2020','Gemeente',8,2,7,83),(438,'2019/2020','Gemeente',8,2,4,136),(439,'2019/2020','Gemeente',8,2,10,11),(440,'2019/2020','Gemeente',8,2,1,232),(441,'2019/2020','Gemeente',8,2,5,232),(442,'2019/2020','Gemeente',8,1,2,17),(443,'2019/2020','Gemeente',8,1,8,44),(444,'2019/2020','Gemeente',8,1,9,13),(445,'2019/2020','Gemeente',8,1,7,7),(446,'2019/2020','Gemeente',8,1,3,36),(447,'2019/2020','Gemeente',8,1,4,1),(448,'2019/2020','Gemeente',8,1,11,22),(449,'2019/2020','Gemeente',8,1,6,6),(450,'2019/2020','Gemeente',8,1,10,17),(451,'2019/2020','Gemeente',8,1,1,25),(452,'2019/2020','Gemeente',8,1,5,61),(453,'2019/2020','Gemeente',9,2,2,532),(454,'2019/2020','Gemeente',9,2,8,188),(455,'2019/2020','Gemeente',9,2,9,175),(456,'2019/2020','Gemeente',9,2,7,28),(457,'2019/2020','Gemeente',9,2,4,261),(458,'2019/2020','Gemeente',9,2,6,1),(459,'2019/2020','Gemeente',9,2,10,33),(460,'2019/2020','Gemeente',9,2,1,315),(461,'2019/2020','Gemeente',9,2,5,315),(462,'2019/2020','Gemeente',9,1,2,63),(463,'2019/2020','Gemeente',9,1,8,131),(464,'2019/2020','Gemeente',9,1,9,68),(465,'2019/2020','Gemeente',9,1,7,7),(466,'2019/2020','Gemeente',9,1,3,92),(467,'2019/2020','Gemeente',9,1,4,4),(468,'2019/2020','Gemeente',9,1,11,85),(469,'2019/2020','Gemeente',9,1,6,11),(470,'2019/2020','Gemeente',9,1,10,72),(471,'2019/2020','Gemeente',9,1,1,21),(472,'2019/2020','Gemeente',9,1,5,113),(473,'2019/2020','Gemeente',10,2,2,192),(474,'2019/2020','Gemeente',10,2,8,59),(475,'2019/2020','Gemeente',10,2,9,72),(476,'2019/2020','Gemeente',10,2,7,26),(477,'2019/2020','Gemeente',10,2,4,66),(478,'2019/2020','Gemeente',10,2,10,6),(479,'2019/2020','Gemeente',10,2,1,147),(480,'2019/2020','Gemeente',10,2,5,147),(481,'2019/2020','Gemeente',10,1,2,30),(482,'2019/2020','Gemeente',10,1,8,29),(483,'2019/2020','Gemeente',10,1,9,13),(484,'2019/2020','Gemeente',10,1,7,3),(485,'2019/2020','Gemeente',10,1,3,31),(486,'2019/2020','Gemeente',10,1,4,2),(487,'2019/2020','Gemeente',10,1,11,13),(488,'2019/2020','Gemeente',10,1,6,3),(489,'2019/2020','Gemeente',10,1,10,11),(490,'2019/2020','Gemeente',10,1,1,12),(491,'2019/2020','Gemeente',10,1,5,43),(492,'2019/2020','Gemeente',11,2,2,272),(493,'2019/2020','Gemeente',11,2,8,76),(494,'2019/2020','Gemeente',11,2,9,83),(495,'2019/2020','Gemeente',11,2,7,43),(496,'2019/2020','Gemeente',11,2,4,137),(497,'2019/2020','Gemeente',11,2,10,12),(498,'2019/2020','Gemeente',11,2,1,202),(499,'2019/2020','Gemeente',11,2,5,202),(500,'2019/2020','Gemeente',11,1,2,43),(501,'2019/2020','Gemeente',11,1,8,55),(502,'2019/2020','Gemeente',11,1,9,37),(503,'2019/2020','Gemeente',11,1,7,10),(504,'2019/2020','Gemeente',11,1,3,51),(505,'2019/2020','Gemeente',11,1,4,1),(506,'2019/2020','Gemeente',11,1,11,29),(507,'2019/2020','Gemeente',11,1,6,2),(508,'2019/2020','Gemeente',11,1,10,29),(509,'2019/2020','Gemeente',11,1,1,18),(510,'2019/2020','Gemeente',11,1,5,69),(511,'2019/2020','Gemeente',12,2,2,89),(512,'2019/2020','Gemeente',12,2,8,31),(513,'2019/2020','Gemeente',12,2,9,31),(514,'2019/2020','Gemeente',12,2,7,16),(515,'2019/2020','Gemeente',12,2,4,35),(516,'2019/2020','Gemeente',12,2,6,1),(517,'2019/2020','Gemeente',12,2,10,1),(518,'2019/2020','Gemeente',12,2,1,61),(519,'2019/2020','Gemeente',12,2,5,61),(520,'2019/2020','Gemeente',12,1,2,14),(521,'2019/2020','Gemeente',12,1,8,15),(522,'2019/2020','Gemeente',12,1,9,5),(523,'2019/2020','Gemeente',12,1,7,2),(524,'2019/2020','Gemeente',12,1,3,14),(525,'2019/2020','Gemeente',12,1,4,1),(526,'2019/2020','Gemeente',12,1,11,8),(527,'2019/2020','Gemeente',12,1,6,4),(528,'2019/2020','Gemeente',12,1,10,6),(529,'2019/2020','Gemeente',12,1,1,4),(530,'2019/2020','Gemeente',12,1,5,18),(531,'2019/2020','Gemeente',13,2,2,348),(532,'2019/2020','Gemeente',13,2,8,114),(533,'2019/2020','Gemeente',13,2,9,100),(534,'2019/2020','Gemeente',13,2,7,47),(535,'2019/2020','Gemeente',13,2,4,148),(536,'2019/2020','Gemeente',13,2,10,13),(537,'2019/2020','Gemeente',13,2,1,209),(538,'2019/2020','Gemeente',13,2,5,209),(539,'2019/2020','Gemeente',13,1,2,33),(540,'2019/2020','Gemeente',13,1,8,44),(541,'2019/2020','Gemeente',13,1,9,31),(542,'2019/2020','Gemeente',13,1,7,14),(543,'2019/2020','Gemeente',13,1,3,38),(544,'2019/2020','Gemeente',13,1,4,2),(545,'2019/2020','Gemeente',13,1,11,16),(546,'2019/2020','Gemeente',13,1,6,7),(547,'2019/2020','Gemeente',13,1,10,30),(548,'2019/2020','Gemeente',13,1,1,15),(549,'2019/2020','Gemeente',13,1,5,53),(550,'2019/2020','Gemeente',14,2,2,137),(551,'2019/2020','Gemeente',14,2,8,51),(552,'2019/2020','Gemeente',14,2,9,64),(553,'2019/2020','Gemeente',14,2,7,17),(554,'2019/2020','Gemeente',14,2,4,61),(555,'2019/2020','Gemeente',14,2,10,5),(556,'2019/2020','Gemeente',14,2,1,84),(557,'2019/2020','Gemeente',14,2,5,84),(558,'2019/2020','Gemeente',14,1,2,16),(559,'2019/2020','Gemeente',14,1,8,23),(560,'2019/2020','Gemeente',14,1,9,17),(561,'2019/2020','Gemeente',14,1,7,9),(562,'2019/2020','Gemeente',14,1,3,36),(563,'2019/2020','Gemeente',14,1,4,1),(564,'2019/2020','Gemeente',14,1,11,12),(565,'2019/2020','Gemeente',14,1,6,6),(566,'2019/2020','Gemeente',14,1,10,7),(567,'2019/2020','Gemeente',14,1,1,4),(568,'2019/2020','Gemeente',14,1,5,40),(569,'2019/2020','Gemeente',15,2,2,51),(570,'2019/2020','Gemeente',15,2,8,16),(571,'2019/2020','Gemeente',15,2,9,17),(572,'2019/2020','Gemeente',15,2,7,3),(573,'2019/2020','Gemeente',15,2,4,25),(574,'2019/2020','Gemeente',15,2,10,7),(575,'2019/2020','Gemeente',15,2,1,23),(576,'2019/2020','Gemeente',15,2,5,23),(577,'2019/2020','Gemeente',15,1,2,6),(578,'2019/2020','Gemeente',15,1,8,11),(579,'2019/2020','Gemeente',15,1,9,5),(580,'2019/2020','Gemeente',15,1,7,2),(581,'2019/2020','Gemeente',15,1,3,12),(582,'2019/2020','Gemeente',15,1,11,1),(583,'2019/2020','Gemeente',15,1,6,1),(584,'2019/2020','Gemeente',15,1,10,4),(585,'2019/2020','Gemeente',15,1,1,3),(586,'2019/2020','Gemeente',15,1,5,15),(587,'2019/2020','Gemeente',16,2,2,129),(588,'2019/2020','Gemeente',16,2,8,55),(589,'2019/2020','Gemeente',16,2,9,45),(590,'2019/2020','Gemeente',16,2,7,7),(591,'2019/2020','Gemeente',16,2,4,46),(592,'2019/2020','Gemeente',16,2,10,4),(593,'2019/2020','Gemeente',16,2,1,78),(594,'2019/2020','Gemeente',16,2,5,78),(595,'2019/2020','Gemeente',16,1,2,17),(596,'2019/2020','Gemeente',16,1,8,24),(597,'2019/2020','Gemeente',16,1,9,18),(598,'2019/2020','Gemeente',16,1,7,1),(599,'2019/2020','Gemeente',16,1,3,26),(600,'2019/2020','Gemeente',16,1,4,1),(601,'2019/2020','Gemeente',16,1,11,15),(602,'2019/2020','Gemeente',16,1,6,4),(603,'2019/2020','Gemeente',16,1,10,15),(604,'2019/2020','Gemeente',16,1,1,15),(605,'2019/2020','Gemeente',16,1,5,41),(606,'2020/2021','Gemeente',1,2,2,892),(607,'2020/2021','Gemeente',1,2,8,392),(608,'2020/2021','Gemeente',1,2,9,310),(609,'2020/2021','Gemeente',1,2,7,53),(610,'2020/2021','Gemeente',1,2,4,388),(611,'2020/2021','Gemeente',1,2,10,38),(612,'2020/2021','Gemeente',1,2,1,438),(613,'2020/2021','Gemeente',1,2,5,438),(614,'2020/2021','Gemeente',1,1,2,112),(615,'2020/2021','Gemeente',1,1,8,195),(616,'2020/2021','Gemeente',1,1,9,118),(617,'2020/2021','Gemeente',1,1,7,13),(618,'2020/2021','Gemeente',1,1,3,135),(619,'2020/2021','Gemeente',1,1,4,8),(620,'2020/2021','Gemeente',1,1,11,129),(621,'2020/2021','Gemeente',1,1,6,21),(622,'2020/2021','Gemeente',1,1,10,111),(623,'2020/2021','Gemeente',1,1,1,60),(624,'2020/2021','Gemeente',1,1,5,195),(625,'2020/2021','Gemeente',2,2,2,235),(626,'2020/2021','Gemeente',2,2,8,69),(627,'2020/2021','Gemeente',2,2,9,58),(628,'2020/2021','Gemeente',2,2,7,13),(629,'2020/2021','Gemeente',2,2,4,78),(630,'2020/2021','Gemeente',2,2,10,15),(631,'2020/2021','Gemeente',2,2,1,119),(632,'2020/2021','Gemeente',2,2,5,119),(633,'2020/2021','Gemeente',2,1,2,50),(634,'2020/2021','Gemeente',2,1,8,57),(635,'2020/2021','Gemeente',2,1,9,33),(636,'2020/2021','Gemeente',2,1,7,7),(637,'2020/2021','Gemeente',2,1,3,45),(638,'2020/2021','Gemeente',2,1,4,3),(639,'2020/2021','Gemeente',2,1,11,44),(640,'2020/2021','Gemeente',2,1,6,13),(641,'2020/2021','Gemeente',2,1,10,50),(642,'2020/2021','Gemeente',2,1,1,20),(643,'2020/2021','Gemeente',2,1,5,65),(644,'2020/2021','Gemeente',3,2,2,337),(645,'2020/2021','Gemeente',3,2,8,134),(646,'2020/2021','Gemeente',3,2,9,116),(647,'2020/2021','Gemeente',3,2,7,20),(648,'2020/2021','Gemeente',3,2,4,161),(649,'2020/2021','Gemeente',3,2,6,1),(650,'2020/2021','Gemeente',3,2,10,15),(651,'2020/2021','Gemeente',3,2,1,254),(652,'2020/2021','Gemeente',3,2,5,254),(653,'2020/2021','Gemeente',3,1,2,68),(654,'2020/2021','Gemeente',3,1,8,93),(655,'2020/2021','Gemeente',3,1,9,72),(656,'2020/2021','Gemeente',3,1,7,9),(657,'2020/2021','Gemeente',3,1,3,80),(658,'2020/2021','Gemeente',3,1,4,1),(659,'2020/2021','Gemeente',3,1,11,46),(660,'2020/2021','Gemeente',3,1,6,11),(661,'2020/2021','Gemeente',3,1,10,48),(662,'2020/2021','Gemeente',3,1,1,43),(663,'2020/2021','Gemeente',3,1,5,123),(664,'2020/2021','Gemeente',4,2,2,256),(665,'2020/2021','Gemeente',4,2,8,142),(666,'2020/2021','Gemeente',4,2,9,106),(667,'2020/2021','Gemeente',4,2,7,12),(668,'2020/2021','Gemeente',4,2,4,153),(669,'2020/2021','Gemeente',4,2,6,2),(670,'2020/2021','Gemeente',4,2,10,8),(671,'2020/2021','Gemeente',4,2,1,202),(672,'2020/2021','Gemeente',4,2,5,202),(673,'2020/2021','Gemeente',4,1,2,23),(674,'2020/2021','Gemeente',4,1,8,37),(675,'2020/2021','Gemeente',4,1,9,21),(676,'2020/2021','Gemeente',4,1,7,7),(677,'2020/2021','Gemeente',4,1,3,28),(678,'2020/2021','Gemeente',4,1,4,1),(679,'2020/2021','Gemeente',4,1,11,14),(680,'2020/2021','Gemeente',4,1,6,2),(681,'2020/2021','Gemeente',4,1,10,18),(682,'2020/2021','Gemeente',4,1,1,4),(683,'2020/2021','Gemeente',4,1,5,32),(684,'2020/2021','Gemeente',5,2,2,148),(685,'2020/2021','Gemeente',5,2,8,44),(686,'2020/2021','Gemeente',5,2,9,41),(687,'2020/2021','Gemeente',5,2,7,19),(688,'2020/2021','Gemeente',5,2,4,90),(689,'2020/2021','Gemeente',5,2,10,4),(690,'2020/2021','Gemeente',5,2,1,95),(691,'2020/2021','Gemeente',5,2,5,95),(692,'2020/2021','Gemeente',5,1,2,20),(693,'2020/2021','Gemeente',5,1,8,21),(694,'2020/2021','Gemeente',5,1,9,17),(695,'2020/2021','Gemeente',5,1,7,6),(696,'2020/2021','Gemeente',5,1,3,25),(697,'2020/2021','Gemeente',5,1,11,21),(698,'2020/2021','Gemeente',5,1,6,2),(699,'2020/2021','Gemeente',5,1,10,14),(700,'2020/2021','Gemeente',5,1,1,13),(701,'2020/2021','Gemeente',5,1,5,38),(702,'2020/2021','Gemeente',6,2,2,105),(703,'2020/2021','Gemeente',6,2,8,46),(704,'2020/2021','Gemeente',6,2,9,46),(705,'2020/2021','Gemeente',6,2,7,13),(706,'2020/2021','Gemeente',6,2,4,64),(707,'2020/2021','Gemeente',6,2,10,2),(708,'2020/2021','Gemeente',6,2,1,68),(709,'2020/2021','Gemeente',6,2,5,68),(710,'2020/2021','Gemeente',6,1,2,12),(711,'2020/2021','Gemeente',6,1,8,17),(712,'2020/2021','Gemeente',6,1,9,11),(713,'2020/2021','Gemeente',6,1,7,2),(714,'2020/2021','Gemeente',6,1,3,22),(715,'2020/2021','Gemeente',6,1,4,2),(716,'2020/2021','Gemeente',6,1,11,4),(717,'2020/2021','Gemeente',6,1,6,1),(718,'2020/2021','Gemeente',6,1,10,9),(719,'2020/2021','Gemeente',6,1,1,3),(720,'2020/2021','Gemeente',6,1,5,25),(721,'2020/2021','Gemeente',7,2,2,245),(722,'2020/2021','Gemeente',7,2,8,81),(723,'2020/2021','Gemeente',7,2,9,78),(724,'2020/2021','Gemeente',7,2,7,13),(725,'2020/2021','Gemeente',7,2,4,84),(726,'2020/2021','Gemeente',7,2,10,13),(727,'2020/2021','Gemeente',7,2,1,147),(728,'2020/2021','Gemeente',7,2,5,147),(729,'2020/2021','Gemeente',7,1,2,59),(730,'2020/2021','Gemeente',7,1,8,60),(731,'2020/2021','Gemeente',7,1,9,31),(732,'2020/2021','Gemeente',7,1,7,5),(733,'2020/2021','Gemeente',7,1,3,45),(734,'2020/2021','Gemeente',7,1,4,2),(735,'2020/2021','Gemeente',7,1,11,41),(736,'2020/2021','Gemeente',7,1,6,14),(737,'2020/2021','Gemeente',7,1,10,28),(738,'2020/2021','Gemeente',7,1,1,25),(739,'2020/2021','Gemeente',7,1,5,70),(740,'2020/2021','Gemeente',8,2,2,334),(741,'2020/2021','Gemeente',8,2,8,118),(742,'2020/2021','Gemeente',8,2,9,114),(743,'2020/2021','Gemeente',8,2,7,89),(744,'2020/2021','Gemeente',8,2,4,144),(745,'2020/2021','Gemeente',8,2,10,9),(746,'2020/2021','Gemeente',8,2,1,223),(747,'2020/2021','Gemeente',8,2,5,223),(748,'2020/2021','Gemeente',8,1,2,22),(749,'2020/2021','Gemeente',8,1,8,54),(750,'2020/2021','Gemeente',8,1,9,26),(751,'2020/2021','Gemeente',8,1,7,12),(752,'2020/2021','Gemeente',8,1,3,30),(753,'2020/2021','Gemeente',8,1,4,1),(754,'2020/2021','Gemeente',8,1,11,27),(755,'2020/2021','Gemeente',8,1,6,4),(756,'2020/2021','Gemeente',8,1,10,24),(757,'2020/2021','Gemeente',8,1,1,14),(758,'2020/2021','Gemeente',8,1,5,44),(759,'2020/2021','Gemeente',9,2,2,587),(760,'2020/2021','Gemeente',9,2,8,192),(761,'2020/2021','Gemeente',9,2,9,173),(762,'2020/2021','Gemeente',9,2,7,33),(763,'2020/2021','Gemeente',9,2,4,261),(764,'2020/2021','Gemeente',9,2,6,1),(765,'2020/2021','Gemeente',9,2,10,35),(766,'2020/2021','Gemeente',9,2,1,322),(767,'2020/2021','Gemeente',9,2,5,322),(768,'2020/2021','Gemeente',9,1,2,87),(769,'2020/2021','Gemeente',9,1,8,152),(770,'2020/2021','Gemeente',9,1,9,80),(771,'2020/2021','Gemeente',9,1,7,8),(772,'2020/2021','Gemeente',9,1,3,103),(773,'2020/2021','Gemeente',9,1,4,6),(774,'2020/2021','Gemeente',9,1,11,98),(775,'2020/2021','Gemeente',9,1,6,17),(776,'2020/2021','Gemeente',9,1,10,68),(777,'2020/2021','Gemeente',9,1,1,30),(778,'2020/2021','Gemeente',9,1,5,133),(779,'2020/2021','Gemeente',10,2,2,199),(780,'2020/2021','Gemeente',10,2,8,57),(781,'2020/2021','Gemeente',10,2,9,77),(782,'2020/2021','Gemeente',10,2,7,27),(783,'2020/2021','Gemeente',10,2,4,71),(784,'2020/2021','Gemeente',10,2,10,6),(785,'2020/2021','Gemeente',10,2,1,158),(786,'2020/2021','Gemeente',10,2,5,158),(787,'2020/2021','Gemeente',10,1,2,27),(788,'2020/2021','Gemeente',10,1,8,35),(789,'2020/2021','Gemeente',10,1,9,15),(790,'2020/2021','Gemeente',10,1,7,2),(791,'2020/2021','Gemeente',10,1,3,28),(792,'2020/2021','Gemeente',10,1,4,2),(793,'2020/2021','Gemeente',10,1,11,14),(794,'2020/2021','Gemeente',10,1,6,1),(795,'2020/2021','Gemeente',10,1,10,16),(796,'2020/2021','Gemeente',10,1,1,17),(797,'2020/2021','Gemeente',10,1,5,45),(798,'2020/2021','Gemeente',11,2,2,295),(799,'2020/2021','Gemeente',11,2,8,105),(800,'2020/2021','Gemeente',11,2,9,106),(801,'2020/2021','Gemeente',11,2,7,51),(802,'2020/2021','Gemeente',11,2,4,156),(803,'2020/2021','Gemeente',11,2,6,1),(804,'2020/2021','Gemeente',11,2,10,11),(805,'2020/2021','Gemeente',11,2,1,221),(806,'2020/2021','Gemeente',11,2,5,221),(807,'2020/2021','Gemeente',11,1,2,44),(808,'2020/2021','Gemeente',11,1,8,70),(809,'2020/2021','Gemeente',11,1,9,34),(810,'2020/2021','Gemeente',11,1,7,15),(811,'2020/2021','Gemeente',11,1,3,54),(812,'2020/2021','Gemeente',11,1,11,32),(813,'2020/2021','Gemeente',11,1,6,5),(814,'2020/2021','Gemeente',11,1,10,27),(815,'2020/2021','Gemeente',11,1,1,18),(816,'2020/2021','Gemeente',11,1,5,72),(817,'2020/2021','Gemeente',12,2,2,90),(818,'2020/2021','Gemeente',12,2,8,39),(819,'2020/2021','Gemeente',12,2,9,35),(820,'2020/2021','Gemeente',12,2,7,19),(821,'2020/2021','Gemeente',12,2,4,32),(822,'2020/2021','Gemeente',12,2,6,1),(823,'2020/2021','Gemeente',12,2,10,2),(824,'2020/2021','Gemeente',12,2,1,63),(825,'2020/2021','Gemeente',12,2,5,63),(826,'2020/2021','Gemeente',12,1,2,13),(827,'2020/2021','Gemeente',12,1,8,15),(828,'2020/2021','Gemeente',12,1,9,10),(829,'2020/2021','Gemeente',12,1,7,3),(830,'2020/2021','Gemeente',12,1,3,9),(831,'2020/2021','Gemeente',12,1,11,10),(832,'2020/2021','Gemeente',12,1,6,1),(833,'2020/2021','Gemeente',12,1,10,6),(834,'2020/2021','Gemeente',12,1,1,2),(835,'2020/2021','Gemeente',12,1,5,11),(836,'2020/2021','Gemeente',13,2,2,355),(837,'2020/2021','Gemeente',13,2,8,118),(838,'2020/2021','Gemeente',13,2,9,125),(839,'2020/2021','Gemeente',13,2,7,61),(840,'2020/2021','Gemeente',13,2,4,161),(841,'2020/2021','Gemeente',13,2,6,1),(842,'2020/2021','Gemeente',13,2,10,9),(843,'2020/2021','Gemeente',13,2,1,226),(844,'2020/2021','Gemeente',13,2,5,226),(845,'2020/2021','Gemeente',13,1,2,35),(846,'2020/2021','Gemeente',13,1,8,58),(847,'2020/2021','Gemeente',13,1,9,39),(848,'2020/2021','Gemeente',13,1,7,15),(849,'2020/2021','Gemeente',13,1,3,47),(850,'2020/2021','Gemeente',13,1,4,2),(851,'2020/2021','Gemeente',13,1,11,34),(852,'2020/2021','Gemeente',13,1,6,4),(853,'2020/2021','Gemeente',13,1,10,43),(854,'2020/2021','Gemeente',13,1,1,18),(855,'2020/2021','Gemeente',13,1,5,65),(856,'2020/2021','Gemeente',14,2,2,148),(857,'2020/2021','Gemeente',14,2,8,66),(858,'2020/2021','Gemeente',14,2,9,71),(859,'2020/2021','Gemeente',14,2,7,21),(860,'2020/2021','Gemeente',14,2,4,78),(861,'2020/2021','Gemeente',14,2,10,7),(862,'2020/2021','Gemeente',14,2,1,97),(863,'2020/2021','Gemeente',14,2,5,97),(864,'2020/2021','Gemeente',14,1,2,13),(865,'2020/2021','Gemeente',14,1,8,21),(866,'2020/2021','Gemeente',14,1,9,27),(867,'2020/2021','Gemeente',14,1,7,8),(868,'2020/2021','Gemeente',14,1,3,36),(869,'2020/2021','Gemeente',14,1,4,2),(870,'2020/2021','Gemeente',14,1,11,15),(871,'2020/2021','Gemeente',14,1,6,4),(872,'2020/2021','Gemeente',14,1,10,10),(873,'2020/2021','Gemeente',14,1,1,3),(874,'2020/2021','Gemeente',14,1,5,39),(875,'2020/2021','Gemeente',15,2,2,55),(876,'2020/2021','Gemeente',15,2,8,14),(877,'2020/2021','Gemeente',15,2,9,24),(878,'2020/2021','Gemeente',15,2,7,6),(879,'2020/2021','Gemeente',15,2,4,34),(880,'2020/2021','Gemeente',15,2,10,5),(881,'2020/2021','Gemeente',15,2,1,29),(882,'2020/2021','Gemeente',15,2,5,29),(883,'2020/2021','Gemeente',15,1,2,6),(884,'2020/2021','Gemeente',15,1,8,12),(885,'2020/2021','Gemeente',15,1,9,5),(886,'2020/2021','Gemeente',15,1,7,4),(887,'2020/2021','Gemeente',15,1,3,15),(888,'2020/2021','Gemeente',15,1,4,2),(889,'2020/2021','Gemeente',15,1,11,5),(890,'2020/2021','Gemeente',15,1,6,5),(891,'2020/2021','Gemeente',15,1,10,3),(892,'2020/2021','Gemeente',15,1,1,3),(893,'2020/2021','Gemeente',15,1,5,18),(894,'2020/2021','Gemeente',16,2,2,154),(895,'2020/2021','Gemeente',16,2,8,62),(896,'2020/2021','Gemeente',16,2,9,46),(897,'2020/2021','Gemeente',16,2,7,9),(898,'2020/2021','Gemeente',16,2,4,62),(899,'2020/2021','Gemeente',16,2,10,7),(900,'2020/2021','Gemeente',16,2,1,93),(901,'2020/2021','Gemeente',16,2,5,93),(902,'2020/2021','Gemeente',16,1,2,20),(903,'2020/2021','Gemeente',16,1,8,26),(904,'2020/2021','Gemeente',16,1,9,17),(905,'2020/2021','Gemeente',16,1,7,4),(906,'2020/2021','Gemeente',16,1,3,24),(907,'2020/2021','Gemeente',16,1,4,1),(908,'2020/2021','Gemeente',16,1,11,18),(909,'2020/2021','Gemeente',16,1,6,1),(910,'2020/2021','Gemeente',16,1,10,17),(911,'2020/2021','Gemeente',16,1,1,16),(912,'2020/2021','Gemeente',16,1,5,40),(913,'2021/2022','Gemeente',1,2,2,904),(914,'2021/2022','Gemeente',1,2,8,412),(915,'2021/2022','Gemeente',1,2,9,317),(916,'2021/2022','Gemeente',1,2,7,53),(917,'2021/2022','Gemeente',1,2,4,390),(918,'2021/2022','Gemeente',1,2,10,54),(919,'2021/2022','Gemeente',1,2,1,454),(920,'2021/2022','Gemeente',1,2,5,454),(921,'2021/2022','Gemeente',1,1,2,105),(922,'2021/2022','Gemeente',1,1,8,219),(923,'2021/2022','Gemeente',1,1,9,111),(924,'2021/2022','Gemeente',1,1,7,10),(925,'2021/2022','Gemeente',1,1,3,151),(926,'2021/2022','Gemeente',1,1,4,6),(927,'2021/2022','Gemeente',1,1,11,137),(928,'2021/2022','Gemeente',1,1,6,23),(929,'2021/2022','Gemeente',1,1,10,124),(930,'2021/2022','Gemeente',1,1,1,62),(931,'2021/2022','Gemeente',1,1,5,213),(932,'2021/2022','Gemeente',2,2,2,216),(933,'2021/2022','Gemeente',2,2,8,66),(934,'2021/2022','Gemeente',2,2,9,63),(935,'2021/2022','Gemeente',2,2,7,16),(936,'2021/2022','Gemeente',2,2,4,79),(937,'2021/2022','Gemeente',2,2,10,17),(938,'2021/2022','Gemeente',2,2,1,110),(939,'2021/2022','Gemeente',2,2,5,110),(940,'2021/2022','Gemeente',2,1,2,53),(941,'2021/2022','Gemeente',2,1,8,58),(942,'2021/2022','Gemeente',2,1,9,33),(943,'2021/2022','Gemeente',2,1,7,5),(944,'2021/2022','Gemeente',2,1,3,39),(945,'2021/2022','Gemeente',2,1,4,3),(946,'2021/2022','Gemeente',2,1,11,42),(947,'2021/2022','Gemeente',2,1,6,12),(948,'2021/2022','Gemeente',2,1,10,47),(949,'2021/2022','Gemeente',2,1,1,15),(950,'2021/2022','Gemeente',2,1,5,54),(951,'2021/2022','Gemeente',3,2,2,324),(952,'2021/2022','Gemeente',3,2,8,108),(953,'2021/2022','Gemeente',3,2,9,119),(954,'2021/2022','Gemeente',3,2,7,20),(955,'2021/2022','Gemeente',3,2,4,156),(956,'2021/2022','Gemeente',3,2,6,3),(957,'2021/2022','Gemeente',3,2,10,10),(958,'2021/2022','Gemeente',3,2,1,243),(959,'2021/2022','Gemeente',3,2,5,243),(960,'2021/2022','Gemeente',3,1,2,63),(961,'2021/2022','Gemeente',3,1,8,90),(962,'2021/2022','Gemeente',3,1,9,80),(963,'2021/2022','Gemeente',3,1,7,7),(964,'2021/2022','Gemeente',3,1,3,76),(965,'2021/2022','Gemeente',3,1,4,1),(966,'2021/2022','Gemeente',3,1,11,45),(967,'2021/2022','Gemeente',3,1,6,9),(968,'2021/2022','Gemeente',3,1,10,39),(969,'2021/2022','Gemeente',3,1,1,38),(970,'2021/2022','Gemeente',3,1,5,114),(971,'2021/2022','Gemeente',4,2,2,269),(972,'2021/2022','Gemeente',4,2,8,130),(973,'2021/2022','Gemeente',4,2,9,114),(974,'2021/2022','Gemeente',4,2,7,10),(975,'2021/2022','Gemeente',4,2,4,161),(976,'2021/2022','Gemeente',4,2,10,9),(977,'2021/2022','Gemeente',4,2,1,221),(978,'2021/2022','Gemeente',4,2,5,221),(979,'2021/2022','Gemeente',4,1,2,24),(980,'2021/2022','Gemeente',4,1,8,43),(981,'2021/2022','Gemeente',4,1,9,29),(982,'2021/2022','Gemeente',4,1,7,3),(983,'2021/2022','Gemeente',4,1,3,30),(984,'2021/2022','Gemeente',4,1,4,2),(985,'2021/2022','Gemeente',4,1,11,16),(986,'2021/2022','Gemeente',4,1,6,2),(987,'2021/2022','Gemeente',4,1,10,13),(988,'2021/2022','Gemeente',4,1,1,7),(989,'2021/2022','Gemeente',4,1,5,37),(990,'2021/2022','Gemeente',5,2,2,157),(991,'2021/2022','Gemeente',5,2,8,46),(992,'2021/2022','Gemeente',5,2,9,57),(993,'2021/2022','Gemeente',5,2,7,20),(994,'2021/2022','Gemeente',5,2,4,90),(995,'2021/2022','Gemeente',5,2,10,4),(996,'2021/2022','Gemeente',5,2,1,99),(997,'2021/2022','Gemeente',5,2,5,99),(998,'2021/2022','Gemeente',5,1,2,19),(999,'2021/2022','Gemeente',5,1,8,23),(1000,'2021/2022','Gemeente',5,1,9,19),(1001,'2021/2022','Gemeente',5,1,7,10),(1002,'2021/2022','Gemeente',5,1,3,24),(1003,'2021/2022','Gemeente',5,1,11,21),(1004,'2021/2022','Gemeente',5,1,6,2),(1005,'2021/2022','Gemeente',5,1,10,18),(1006,'2021/2022','Gemeente',5,1,1,11),(1007,'2021/2022','Gemeente',5,1,5,35),(1008,'2021/2022','Gemeente',6,2,2,105),(1009,'2021/2022','Gemeente',6,2,8,32),(1010,'2021/2022','Gemeente',6,2,9,55),(1011,'2021/2022','Gemeente',6,2,7,11),(1012,'2021/2022','Gemeente',6,2,4,55),(1013,'2021/2022','Gemeente',6,2,10,2),(1014,'2021/2022','Gemeente',6,2,1,64),(1015,'2021/2022','Gemeente',6,2,5,64),(1016,'2021/2022','Gemeente',6,1,2,12),(1017,'2021/2022','Gemeente',6,1,8,21),(1018,'2021/2022','Gemeente',6,1,9,9),(1019,'2021/2022','Gemeente',6,1,7,1),(1020,'2021/2022','Gemeente',6,1,3,28),(1021,'2021/2022','Gemeente',6,1,11,13),(1022,'2021/2022','Gemeente',6,1,6,1),(1023,'2021/2022','Gemeente',6,1,10,15),(1024,'2021/2022','Gemeente',6,1,1,4),(1025,'2021/2022','Gemeente',6,1,5,32),(1026,'2021/2022','Gemeente',7,2,2,254),(1027,'2021/2022','Gemeente',7,2,8,70),(1028,'2021/2022','Gemeente',7,2,9,70),(1029,'2021/2022','Gemeente',7,2,7,14),(1030,'2021/2022','Gemeente',7,2,4,78),(1031,'2021/2022','Gemeente',7,2,6,1),(1032,'2021/2022','Gemeente',7,2,10,12),(1033,'2021/2022','Gemeente',7,2,1,164),(1034,'2021/2022','Gemeente',7,2,5,164),(1035,'2021/2022','Gemeente',7,1,2,59),(1036,'2021/2022','Gemeente',7,1,8,74),(1037,'2021/2022','Gemeente',7,1,9,39),(1038,'2021/2022','Gemeente',7,1,7,2),(1039,'2021/2022','Gemeente',7,1,3,42),(1040,'2021/2022','Gemeente',7,1,4,2),(1041,'2021/2022','Gemeente',7,1,11,52),(1042,'2021/2022','Gemeente',7,1,6,12),(1043,'2021/2022','Gemeente',7,1,10,29),(1044,'2021/2022','Gemeente',7,1,1,21),(1045,'2021/2022','Gemeente',7,1,5,63),(1046,'2021/2022','Gemeente',8,2,2,314),(1047,'2021/2022','Gemeente',8,2,8,142),(1048,'2021/2022','Gemeente',8,2,9,125),(1049,'2021/2022','Gemeente',8,2,7,80),(1050,'2021/2022','Gemeente',8,2,4,129),(1051,'2021/2022','Gemeente',8,2,6,1),(1052,'2021/2022','Gemeente',8,2,10,13),(1053,'2021/2022','Gemeente',8,2,1,231),(1054,'2021/2022','Gemeente',8,2,5,231),(1055,'2021/2022','Gemeente',8,1,2,22),(1056,'2021/2022','Gemeente',8,1,8,52),(1057,'2021/2022','Gemeente',8,1,9,27),(1058,'2021/2022','Gemeente',8,1,7,11),(1059,'2021/2022','Gemeente',8,1,3,36),(1060,'2021/2022','Gemeente',8,1,4,2),(1061,'2021/2022','Gemeente',8,1,11,30),(1062,'2021/2022','Gemeente',8,1,6,2),(1063,'2021/2022','Gemeente',8,1,10,29),(1064,'2021/2022','Gemeente',8,1,1,20),(1065,'2021/2022','Gemeente',8,1,5,56),(1066,'2021/2022','Gemeente',9,2,2,608),(1067,'2021/2022','Gemeente',9,2,8,197),(1068,'2021/2022','Gemeente',9,2,9,188),(1069,'2021/2022','Gemeente',9,2,7,29),(1070,'2021/2022','Gemeente',9,2,4,263),(1071,'2021/2022','Gemeente',9,2,6,1),(1072,'2021/2022','Gemeente',9,2,10,28),(1073,'2021/2022','Gemeente',9,2,1,336),(1074,'2021/2022','Gemeente',9,2,5,336),(1075,'2021/2022','Gemeente',9,1,2,94),(1076,'2021/2022','Gemeente',9,1,8,140),(1077,'2021/2022','Gemeente',9,1,9,77),(1078,'2021/2022','Gemeente',9,1,7,5),(1079,'2021/2022','Gemeente',9,1,3,105),(1080,'2021/2022','Gemeente',9,1,4,7),(1081,'2021/2022','Gemeente',9,1,11,93),(1082,'2021/2022','Gemeente',9,1,6,15),(1083,'2021/2022','Gemeente',9,1,10,71),(1084,'2021/2022','Gemeente',9,1,1,35),(1085,'2021/2022','Gemeente',9,1,5,140),(1086,'2021/2022','Gemeente',10,2,2,197),(1087,'2021/2022','Gemeente',10,2,8,58),(1088,'2021/2022','Gemeente',10,2,9,65),(1089,'2021/2022','Gemeente',10,2,7,24),(1090,'2021/2022','Gemeente',10,2,4,73),(1091,'2021/2022','Gemeente',10,2,10,8),(1092,'2021/2022','Gemeente',10,2,1,163),(1093,'2021/2022','Gemeente',10,2,5,163),(1094,'2021/2022','Gemeente',10,1,2,18),(1095,'2021/2022','Gemeente',10,1,8,25),(1096,'2021/2022','Gemeente',10,1,9,20),(1097,'2021/2022','Gemeente',10,1,7,5),(1098,'2021/2022','Gemeente',10,1,3,29),(1099,'2021/2022','Gemeente',10,1,4,2),(1100,'2021/2022','Gemeente',10,1,11,13),(1101,'2021/2022','Gemeente',10,1,6,3),(1102,'2021/2022','Gemeente',10,1,10,16),(1103,'2021/2022','Gemeente',10,1,1,15),(1104,'2021/2022','Gemeente',10,1,5,44),(1105,'2021/2022','Gemeente',11,2,2,311),(1106,'2021/2022','Gemeente',11,2,8,90),(1107,'2021/2022','Gemeente',11,2,9,120),(1108,'2021/2022','Gemeente',11,2,7,53),(1109,'2021/2022','Gemeente',11,2,4,152),(1110,'2021/2022','Gemeente',11,2,6,1),(1111,'2021/2022','Gemeente',11,2,10,13),(1112,'2021/2022','Gemeente',11,2,1,223),(1113,'2021/2022','Gemeente',11,2,5,223),(1114,'2021/2022','Gemeente',11,1,2,49),(1115,'2021/2022','Gemeente',11,1,8,77),(1116,'2021/2022','Gemeente',11,1,9,41),(1117,'2021/2022','Gemeente',11,1,7,9),(1118,'2021/2022','Gemeente',11,1,3,43),(1119,'2021/2022','Gemeente',11,1,4,2),(1120,'2021/2022','Gemeente',11,1,11,28),(1121,'2021/2022','Gemeente',11,1,6,6),(1122,'2021/2022','Gemeente',11,1,10,33),(1123,'2021/2022','Gemeente',11,1,1,13),(1124,'2021/2022','Gemeente',11,1,5,56),(1125,'2021/2022','Gemeente',12,2,2,81),(1126,'2021/2022','Gemeente',12,2,8,42),(1127,'2021/2022','Gemeente',12,2,9,34),(1128,'2021/2022','Gemeente',12,2,7,18),(1129,'2021/2022','Gemeente',12,2,4,24),(1130,'2021/2022','Gemeente',12,2,6,1),(1131,'2021/2022','Gemeente',12,2,10,6),(1132,'2021/2022','Gemeente',12,2,1,66),(1133,'2021/2022','Gemeente',12,2,5,66),(1134,'2021/2022','Gemeente',12,1,2,13),(1135,'2021/2022','Gemeente',12,1,8,17),(1136,'2021/2022','Gemeente',12,1,9,12),(1137,'2021/2022','Gemeente',12,1,7,3),(1138,'2021/2022','Gemeente',12,1,3,9),(1139,'2021/2022','Gemeente',12,1,4,1),(1140,'2021/2022','Gemeente',12,1,11,14),(1141,'2021/2022','Gemeente',12,1,6,1),(1142,'2021/2022','Gemeente',12,1,10,5),(1143,'2021/2022','Gemeente',12,1,1,5),(1144,'2021/2022','Gemeente',12,1,5,14),(1145,'2021/2022','Gemeente',13,2,2,342),(1146,'2021/2022','Gemeente',13,2,8,136),(1147,'2021/2022','Gemeente',13,2,9,112),(1148,'2021/2022','Gemeente',13,2,7,50),(1149,'2021/2022','Gemeente',13,2,4,166),(1150,'2021/2022','Gemeente',13,2,6,1),(1151,'2021/2022','Gemeente',13,2,10,7),(1152,'2021/2022','Gemeente',13,2,1,233),(1153,'2021/2022','Gemeente',13,2,5,233),(1154,'2021/2022','Gemeente',13,1,2,44),(1155,'2021/2022','Gemeente',13,1,8,57),(1156,'2021/2022','Gemeente',13,1,9,38),(1157,'2021/2022','Gemeente',13,1,7,19),(1158,'2021/2022','Gemeente',13,1,3,42),(1159,'2021/2022','Gemeente',13,1,4,2),(1160,'2021/2022','Gemeente',13,1,11,34),(1161,'2021/2022','Gemeente',13,1,6,2),(1162,'2021/2022','Gemeente',13,1,10,42),(1163,'2021/2022','Gemeente',13,1,1,21),(1164,'2021/2022','Gemeente',13,1,5,63),(1165,'2021/2022','Gemeente',14,2,2,165),(1166,'2021/2022','Gemeente',14,2,8,67),(1167,'2021/2022','Gemeente',14,2,9,66),(1168,'2021/2022','Gemeente',14,2,7,23),(1169,'2021/2022','Gemeente',14,2,4,80),(1170,'2021/2022','Gemeente',14,2,10,5),(1171,'2021/2022','Gemeente',14,2,1,98),(1172,'2021/2022','Gemeente',14,2,5,98),(1173,'2021/2022','Gemeente',14,1,2,14),(1174,'2021/2022','Gemeente',14,1,8,33),(1175,'2021/2022','Gemeente',14,1,9,27),(1176,'2021/2022','Gemeente',14,1,7,7),(1177,'2021/2022','Gemeente',14,1,3,32),(1178,'2021/2022','Gemeente',14,1,4,2),(1179,'2021/2022','Gemeente',14,1,11,19),(1180,'2021/2022','Gemeente',14,1,6,2),(1181,'2021/2022','Gemeente',14,1,10,13),(1182,'2021/2022','Gemeente',14,1,1,3),(1183,'2021/2022','Gemeente',14,1,5,35),(1184,'2021/2022','Gemeente',15,2,2,61),(1185,'2021/2022','Gemeente',15,2,8,19),(1186,'2021/2022','Gemeente',15,2,9,32),(1187,'2021/2022','Gemeente',15,2,7,10),(1188,'2021/2022','Gemeente',15,2,4,34),(1189,'2021/2022','Gemeente',15,2,10,7),(1190,'2021/2022','Gemeente',15,2,1,21),(1191,'2021/2022','Gemeente',15,2,5,21),(1192,'2021/2022','Gemeente',15,1,2,8),(1193,'2021/2022','Gemeente',15,1,8,7),(1194,'2021/2022','Gemeente',15,1,9,8),(1195,'2021/2022','Gemeente',15,1,7,3),(1196,'2021/2022','Gemeente',15,1,3,19),(1197,'2021/2022','Gemeente',15,1,11,11),(1198,'2021/2022','Gemeente',15,1,6,3),(1199,'2021/2022','Gemeente',15,1,10,12),(1200,'2021/2022','Gemeente',15,1,1,3),(1201,'2021/2022','Gemeente',15,1,5,22),(1202,'2021/2022','Gemeente',16,2,2,153),(1203,'2021/2022','Gemeente',16,2,8,55),(1204,'2021/2022','Gemeente',16,2,9,47),(1205,'2021/2022','Gemeente',16,2,7,9),(1206,'2021/2022','Gemeente',16,2,4,67),(1207,'2021/2022','Gemeente',16,2,10,8),(1208,'2021/2022','Gemeente',16,2,1,87),(1209,'2021/2022','Gemeente',16,2,5,87),(1210,'2021/2022','Gemeente',16,1,2,20),(1211,'2021/2022','Gemeente',16,1,8,33),(1212,'2021/2022','Gemeente',16,1,9,16),(1213,'2021/2022','Gemeente',16,1,7,1),(1214,'2021/2022','Gemeente',16,1,3,27),(1215,'2021/2022','Gemeente',16,1,11,19),(1216,'2021/2022','Gemeente',16,1,6,1),(1217,'2021/2022','Gemeente',16,1,10,22),(1218,'2021/2022','Gemeente',16,1,1,17),(1219,'2021/2022','Gemeente',16,1,5,44),(1220,'2022/2023','Gemeente',1,2,2,805),(1221,'2022/2023','Gemeente',1,2,8,407),(1222,'2022/2023','Gemeente',1,2,9,325),(1223,'2022/2023','Gemeente',1,2,7,44),(1224,'2022/2023','Gemeente',1,2,4,375),(1225,'2022/2023','Gemeente',1,2,10,45),(1226,'2022/2023','Gemeente',1,2,1,462),(1227,'2022/2023','Gemeente',1,2,5,462),(1228,'2022/2023','Gemeente',1,1,2,124),(1229,'2022/2023','Gemeente',1,1,8,208),(1230,'2022/2023','Gemeente',1,1,9,104),(1231,'2022/2023','Gemeente',1,1,7,13),(1232,'2022/2023','Gemeente',1,1,3,149),(1233,'2022/2023','Gemeente',1,1,4,7),(1234,'2022/2023','Gemeente',1,1,11,135),(1235,'2022/2023','Gemeente',1,1,6,23),(1236,'2022/2023','Gemeente',1,1,10,126),(1237,'2022/2023','Gemeente',1,1,1,42),(1238,'2022/2023','Gemeente',1,1,5,191),(1239,'2022/2023','Gemeente',2,2,2,192),(1240,'2022/2023','Gemeente',2,2,8,59),(1241,'2022/2023','Gemeente',2,2,9,65),(1242,'2022/2023','Gemeente',2,2,7,14),(1243,'2022/2023','Gemeente',2,2,4,78),(1244,'2022/2023','Gemeente',2,2,6,1),(1245,'2022/2023','Gemeente',2,2,10,16),(1246,'2022/2023','Gemeente',2,2,1,108),(1247,'2022/2023','Gemeente',2,2,5,108),(1248,'2022/2023','Gemeente',2,1,2,46),(1249,'2022/2023','Gemeente',2,1,8,62),(1250,'2022/2023','Gemeente',2,1,9,34),(1251,'2022/2023','Gemeente',2,1,7,4),(1252,'2022/2023','Gemeente',2,1,3,31),(1253,'2022/2023','Gemeente',2,1,11,39),(1254,'2022/2023','Gemeente',2,1,6,8),(1255,'2022/2023','Gemeente',2,1,10,47),(1256,'2022/2023','Gemeente',2,1,1,13),(1257,'2022/2023','Gemeente',2,1,5,44),(1258,'2022/2023','Gemeente',3,2,2,308),(1259,'2022/2023','Gemeente',3,2,8,94),(1260,'2022/2023','Gemeente',3,2,9,137),(1261,'2022/2023','Gemeente',3,2,7,20),(1262,'2022/2023','Gemeente',3,2,4,141),(1263,'2022/2023','Gemeente',3,2,6,3),(1264,'2022/2023','Gemeente',3,2,10,13),(1265,'2022/2023','Gemeente',3,2,1,217),(1266,'2022/2023','Gemeente',3,2,5,217),(1267,'2022/2023','Gemeente',3,1,2,57),(1268,'2022/2023','Gemeente',3,1,8,90),(1269,'2022/2023','Gemeente',3,1,9,69),(1270,'2022/2023','Gemeente',3,1,7,3),(1271,'2022/2023','Gemeente',3,1,3,87),(1272,'2022/2023','Gemeente',3,1,4,2),(1273,'2022/2023','Gemeente',3,1,11,49),(1274,'2022/2023','Gemeente',3,1,6,10),(1275,'2022/2023','Gemeente',3,1,10,36),(1276,'2022/2023','Gemeente',3,1,1,37),(1277,'2022/2023','Gemeente',3,1,5,124),(1278,'2022/2023','Gemeente',4,2,2,280),(1279,'2022/2023','Gemeente',4,2,8,127),(1280,'2022/2023','Gemeente',4,2,9,112),(1281,'2022/2023','Gemeente',4,2,7,11),(1282,'2022/2023','Gemeente',4,2,4,169),(1283,'2022/2023','Gemeente',4,2,10,7),(1284,'2022/2023','Gemeente',4,2,1,219),(1285,'2022/2023','Gemeente',4,2,5,219),(1286,'2022/2023','Gemeente',4,1,2,24),(1287,'2022/2023','Gemeente',4,1,8,39),(1288,'2022/2023','Gemeente',4,1,9,22),(1289,'2022/2023','Gemeente',4,1,7,3),(1290,'2022/2023','Gemeente',4,1,3,41),(1291,'2022/2023','Gemeente',4,1,4,2),(1292,'2022/2023','Gemeente',4,1,11,17),(1293,'2022/2023','Gemeente',4,1,6,1),(1294,'2022/2023','Gemeente',4,1,10,14),(1295,'2022/2023','Gemeente',4,1,1,7),(1296,'2022/2023','Gemeente',4,1,5,48),(1297,'2022/2023','Gemeente',5,2,2,141),(1298,'2022/2023','Gemeente',5,2,8,63),(1299,'2022/2023','Gemeente',5,2,9,71),(1300,'2022/2023','Gemeente',5,2,7,20),(1301,'2022/2023','Gemeente',5,2,4,90),(1302,'2022/2023','Gemeente',5,2,10,3),(1303,'2022/2023','Gemeente',5,2,1,98),(1304,'2022/2023','Gemeente',5,2,5,98),(1305,'2022/2023','Gemeente',5,1,2,15),(1306,'2022/2023','Gemeente',5,1,8,30),(1307,'2022/2023','Gemeente',5,1,9,27),(1308,'2022/2023','Gemeente',5,1,7,10),(1309,'2022/2023','Gemeente',5,1,3,24),(1310,'2022/2023','Gemeente',5,1,11,22),(1311,'2022/2023','Gemeente',5,1,6,4),(1312,'2022/2023','Gemeente',5,1,10,20),(1313,'2022/2023','Gemeente',5,1,1,11),(1314,'2022/2023','Gemeente',5,1,5,35),(1315,'2022/2023','Gemeente',6,2,2,102),(1316,'2022/2023','Gemeente',6,2,8,28),(1317,'2022/2023','Gemeente',6,2,9,50),(1318,'2022/2023','Gemeente',6,2,7,10),(1319,'2022/2023','Gemeente',6,2,4,72),(1320,'2022/2023','Gemeente',6,2,10,5),(1321,'2022/2023','Gemeente',6,2,1,72),(1322,'2022/2023','Gemeente',6,2,5,72),(1323,'2022/2023','Gemeente',6,1,2,10),(1324,'2022/2023','Gemeente',6,1,8,18),(1325,'2022/2023','Gemeente',6,1,9,18),(1326,'2022/2023','Gemeente',6,1,7,5),(1327,'2022/2023','Gemeente',6,1,3,23),(1328,'2022/2023','Gemeente',6,1,4,1),(1329,'2022/2023','Gemeente',6,1,11,12),(1330,'2022/2023','Gemeente',6,1,6,3),(1331,'2022/2023','Gemeente',6,1,10,13),(1332,'2022/2023','Gemeente',6,1,1,3),(1333,'2022/2023','Gemeente',6,1,5,26),(1334,'2022/2023','Gemeente',7,2,2,241),(1335,'2022/2023','Gemeente',7,2,8,74),(1336,'2022/2023','Gemeente',7,2,9,75),(1337,'2022/2023','Gemeente',7,2,7,16),(1338,'2022/2023','Gemeente',7,2,4,79),(1339,'2022/2023','Gemeente',7,2,6,1),(1340,'2022/2023','Gemeente',7,2,10,15),(1341,'2022/2023','Gemeente',7,2,1,149),(1342,'2022/2023','Gemeente',7,2,5,149),(1343,'2022/2023','Gemeente',7,1,2,53),(1344,'2022/2023','Gemeente',7,1,8,82),(1345,'2022/2023','Gemeente',7,1,9,38),(1346,'2022/2023','Gemeente',7,1,7,3),(1347,'2022/2023','Gemeente',7,1,3,49),(1348,'2022/2023','Gemeente',7,1,4,2),(1349,'2022/2023','Gemeente',7,1,11,45),(1350,'2022/2023','Gemeente',7,1,6,14),(1351,'2022/2023','Gemeente',7,1,10,33),(1352,'2022/2023','Gemeente',7,1,1,22),(1353,'2022/2023','Gemeente',7,1,5,71),(1354,'2022/2023','Gemeente',8,2,2,282),(1355,'2022/2023','Gemeente',8,2,8,129),(1356,'2022/2023','Gemeente',8,2,9,113),(1357,'2022/2023','Gemeente',8,2,7,80),(1358,'2022/2023','Gemeente',8,2,4,141),(1359,'2022/2023','Gemeente',8,2,10,11),(1360,'2022/2023','Gemeente',8,2,1,217),(1361,'2022/2023','Gemeente',8,2,5,217),(1362,'2022/2023','Gemeente',8,1,2,28),(1363,'2022/2023','Gemeente',8,1,8,56),(1364,'2022/2023','Gemeente',8,1,9,28),(1365,'2022/2023','Gemeente',8,1,7,7),(1366,'2022/2023','Gemeente',8,1,3,35),(1367,'2022/2023','Gemeente',8,1,4,2),(1368,'2022/2023','Gemeente',8,1,11,34),(1369,'2022/2023','Gemeente',8,1,6,2),(1370,'2022/2023','Gemeente',8,1,10,30),(1371,'2022/2023','Gemeente',8,1,1,12),(1372,'2022/2023','Gemeente',8,1,5,47),(1373,'2022/2023','Gemeente',9,2,2,567),(1374,'2022/2023','Gemeente',9,2,8,185),(1375,'2022/2023','Gemeente',9,2,9,196),(1376,'2022/2023','Gemeente',9,2,7,25),(1377,'2022/2023','Gemeente',9,2,4,257),(1378,'2022/2023','Gemeente',9,2,6,3),(1379,'2022/2023','Gemeente',9,2,10,27),(1380,'2022/2023','Gemeente',9,2,1,331),(1381,'2022/2023','Gemeente',9,2,5,331),(1382,'2022/2023','Gemeente',9,1,2,93),(1383,'2022/2023','Gemeente',9,1,8,135),(1384,'2022/2023','Gemeente',9,1,9,91),(1385,'2022/2023','Gemeente',9,1,7,3),(1386,'2022/2023','Gemeente',9,1,3,104),(1387,'2022/2023','Gemeente',9,1,4,5),(1388,'2022/2023','Gemeente',9,1,11,93),(1389,'2022/2023','Gemeente',9,1,6,12),(1390,'2022/2023','Gemeente',9,1,10,73),(1391,'2022/2023','Gemeente',9,1,1,20),(1392,'2022/2023','Gemeente',9,1,5,124),(1393,'2022/2023','Gemeente',10,2,2,185),(1394,'2022/2023','Gemeente',10,2,8,69),(1395,'2022/2023','Gemeente',10,2,9,79),(1396,'2022/2023','Gemeente',10,2,7,25),(1397,'2022/2023','Gemeente',10,2,4,74),(1398,'2022/2023','Gemeente',10,2,6,1),(1399,'2022/2023','Gemeente',10,2,10,6),(1400,'2022/2023','Gemeente',10,2,1,139),(1401,'2022/2023','Gemeente',10,2,5,139),(1402,'2022/2023','Gemeente',10,1,2,19),(1403,'2022/2023','Gemeente',10,1,8,29),(1404,'2022/2023','Gemeente',10,1,9,22),(1405,'2022/2023','Gemeente',10,1,7,5),(1406,'2022/2023','Gemeente',10,1,3,38),(1407,'2022/2023','Gemeente',10,1,4,1),(1408,'2022/2023','Gemeente',10,1,11,13),(1409,'2022/2023','Gemeente',10,1,6,2),(1410,'2022/2023','Gemeente',10,1,10,15),(1411,'2022/2023','Gemeente',10,1,1,12),(1412,'2022/2023','Gemeente',10,1,5,50),(1413,'2022/2023','Gemeente',11,2,2,301),(1414,'2022/2023','Gemeente',11,2,8,95),(1415,'2022/2023','Gemeente',11,2,9,97),(1416,'2022/2023','Gemeente',11,2,7,46),(1417,'2022/2023','Gemeente',11,2,4,161),(1418,'2022/2023','Gemeente',11,2,10,7),(1419,'2022/2023','Gemeente',11,2,1,206),(1420,'2022/2023','Gemeente',11,2,5,206),(1421,'2022/2023','Gemeente',11,1,2,45),(1422,'2022/2023','Gemeente',11,1,8,70),(1423,'2022/2023','Gemeente',11,1,9,41),(1424,'2022/2023','Gemeente',11,1,7,8),(1425,'2022/2023','Gemeente',11,1,3,43),(1426,'2022/2023','Gemeente',11,1,4,1),(1427,'2022/2023','Gemeente',11,1,11,36),(1428,'2022/2023','Gemeente',11,1,6,3),(1429,'2022/2023','Gemeente',11,1,10,28),(1430,'2022/2023','Gemeente',11,1,1,13),(1431,'2022/2023','Gemeente',11,1,5,56),(1432,'2022/2023','Gemeente',12,2,2,86),(1433,'2022/2023','Gemeente',12,2,8,33),(1434,'2022/2023','Gemeente',12,2,9,37),(1435,'2022/2023','Gemeente',12,2,7,17),(1436,'2022/2023','Gemeente',12,2,4,24),(1437,'2022/2023','Gemeente',12,2,6,2),(1438,'2022/2023','Gemeente',12,2,10,2),(1439,'2022/2023','Gemeente',12,2,1,63),(1440,'2022/2023','Gemeente',12,2,5,63),(1441,'2022/2023','Gemeente',12,1,2,7),(1442,'2022/2023','Gemeente',12,1,8,14),(1443,'2022/2023','Gemeente',12,1,9,10),(1444,'2022/2023','Gemeente',12,1,7,3),(1445,'2022/2023','Gemeente',12,1,3,10),(1446,'2022/2023','Gemeente',12,1,11,13),(1447,'2022/2023','Gemeente',12,1,6,1),(1448,'2022/2023','Gemeente',12,1,10,6),(1449,'2022/2023','Gemeente',12,1,1,6),(1450,'2022/2023','Gemeente',12,1,5,16),(1451,'2022/2023','Gemeente',13,2,2,293),(1452,'2022/2023','Gemeente',13,2,8,113),(1453,'2022/2023','Gemeente',13,2,9,126),(1454,'2022/2023','Gemeente',13,2,7,43),(1455,'2022/2023','Gemeente',13,2,4,160),(1456,'2022/2023','Gemeente',13,2,6,1),(1457,'2022/2023','Gemeente',13,2,10,9),(1458,'2022/2023','Gemeente',13,2,1,225),(1459,'2022/2023','Gemeente',13,2,5,225),(1460,'2022/2023','Gemeente',13,1,2,44),(1461,'2022/2023','Gemeente',13,1,8,63),(1462,'2022/2023','Gemeente',13,1,9,37),(1463,'2022/2023','Gemeente',13,1,7,11),(1464,'2022/2023','Gemeente',13,1,3,45),(1465,'2022/2023','Gemeente',13,1,4,4),(1466,'2022/2023','Gemeente',13,1,11,39),(1467,'2022/2023','Gemeente',13,1,6,5),(1468,'2022/2023','Gemeente',13,1,10,41),(1469,'2022/2023','Gemeente',13,1,1,13),(1470,'2022/2023','Gemeente',13,1,5,58),(1471,'2022/2023','Gemeente',14,2,2,162),(1472,'2022/2023','Gemeente',14,2,8,64),(1473,'2022/2023','Gemeente',14,2,9,63),(1474,'2022/2023','Gemeente',14,2,7,15),(1475,'2022/2023','Gemeente',14,2,4,87),(1476,'2022/2023','Gemeente',14,2,10,5),(1477,'2022/2023','Gemeente',14,2,1,86),(1478,'2022/2023','Gemeente',14,2,5,86),(1479,'2022/2023','Gemeente',14,1,2,9),(1480,'2022/2023','Gemeente',14,1,8,31),(1481,'2022/2023','Gemeente',14,1,9,21),(1482,'2022/2023','Gemeente',14,1,7,4),(1483,'2022/2023','Gemeente',14,1,3,32),(1484,'2022/2023','Gemeente',14,1,4,1),(1485,'2022/2023','Gemeente',14,1,11,20),(1486,'2022/2023','Gemeente',14,1,6,3),(1487,'2022/2023','Gemeente',14,1,10,18),(1488,'2022/2023','Gemeente',14,1,1,2),(1489,'2022/2023','Gemeente',14,1,5,34),(1490,'2022/2023','Gemeente',15,2,2,71),(1491,'2022/2023','Gemeente',15,2,8,20),(1492,'2022/2023','Gemeente',15,2,9,25),(1493,'2022/2023','Gemeente',15,2,7,9),(1494,'2022/2023','Gemeente',15,2,4,28),(1495,'2022/2023','Gemeente',15,2,10,6),(1496,'2022/2023','Gemeente',15,2,1,19),(1497,'2022/2023','Gemeente',15,2,5,19),(1498,'2022/2023','Gemeente',15,1,2,7),(1499,'2022/2023','Gemeente',15,1,8,14),(1500,'2022/2023','Gemeente',15,1,9,8),(1501,'2022/2023','Gemeente',15,1,7,6),(1502,'2022/2023','Gemeente',15,1,3,17),(1503,'2022/2023','Gemeente',15,1,11,8),(1504,'2022/2023','Gemeente',15,1,6,5),(1505,'2022/2023','Gemeente',15,1,10,11),(1506,'2022/2023','Gemeente',15,1,1,5),(1507,'2022/2023','Gemeente',15,1,5,22),(1508,'2022/2023','Gemeente',16,2,2,146),(1509,'2022/2023','Gemeente',16,2,8,50),(1510,'2022/2023','Gemeente',16,2,9,38),(1511,'2022/2023','Gemeente',16,2,7,9),(1512,'2022/2023','Gemeente',16,2,4,62),(1513,'2022/2023','Gemeente',16,2,10,11),(1514,'2022/2023','Gemeente',16,2,1,89),(1515,'2022/2023','Gemeente',16,2,5,89),(1516,'2022/2023','Gemeente',16,1,2,24),(1517,'2022/2023','Gemeente',16,1,8,33),(1518,'2022/2023','Gemeente',16,1,9,20),(1519,'2022/2023','Gemeente',16,1,3,22),(1520,'2022/2023','Gemeente',16,1,11,14),(1521,'2022/2023','Gemeente',16,1,6,1),(1522,'2022/2023','Gemeente',16,1,10,18),(1523,'2022/2023','Gemeente',16,1,1,21),(1524,'2022/2023','Gemeente',16,1,5,43);
/*!40000 ALTER TABLE `studenten_woonregio` ENABLE KEYS */;
UNLOCK TABLES;

--
-- Table structure for table `volwassene_woon_en_werkregio`
--

DROP TABLE IF EXISTS `volwassene_woon_en_werkregio`;
/*!40101 SET @saved_cs_client     = @@character_set_client */;
/*!50503 SET character_set_client = utf8mb4 */;
CREATE TABLE `volwassene_woon_en_werkregio` (
  `id` int NOT NULL AUTO_INCREMENT,
  `Jaar` int NOT NULL,
  `Niveau_regio` enum('Gemeente','Corop') NOT NULL,
  `Woonregio_id` int DEFAULT NULL,
  `Werkregio_id` int DEFAULT NULL,
  `Werkende_volwassene` int NOT NULL,
  PRIMARY KEY (`id`)
) ENGINE=InnoDB AUTO_INCREMENT=401 DEFAULT CHARSET=utf8mb4 COLLATE=utf8mb4_0900_ai_ci;
/*!40101 SET character_set_client = @saved_cs_client */;

--
-- Dumping data for table `volwassene_woon_en_werkregio`
--

LOCK TABLES `volwassene_woon_en_werkregio` WRITE;
/*!40000 ALTER TABLE `volwassene_woon_en_werkregio` DISABLE KEYS */;
INSERT INTO `volwassene_woon_en_werkregio` VALUES (1,2018,'Corop',1,2,0),(2,2018,'Corop',1,3,600),(3,2018,'Corop',1,4,2300),(4,2018,'Corop',1,5,300),(5,2018,'Corop',1,1,41600),(6,2018,'Corop',1,6,0),(7,2018,'Corop',1,7,0),(8,2018,'Corop',1,8,0),(9,2018,'Corop',1,9,0),(10,2018,'Corop',1,10,16100),(11,2018,'Corop',1,11,700),(12,2018,'Corop',1,12,200),(13,2018,'Corop',1,13,6500),(14,2018,'Corop',1,14,7900),(15,2018,'Corop',1,15,0),(16,2018,'Corop',1,16,0),(17,2018,'Corop',1,17,0),(18,2018,'Corop',1,18,0),(19,2018,'Corop',1,19,0),(20,2018,'Corop',1,20,0),(21,2018,'Corop',1,21,0),(22,2018,'Corop',1,22,0),(23,2018,'Corop',1,23,0),(24,2018,'Corop',1,24,0),(25,2018,'Corop',1,25,0),(26,2018,'Corop',1,26,0),(27,2018,'Corop',1,27,1300),(28,2018,'Corop',1,28,0),(29,2018,'Corop',1,29,0),(30,2018,'Corop',1,30,3600),(31,2018,'Corop',1,31,0),(32,2018,'Corop',1,32,0),(33,2018,'Corop',1,33,0),(34,2018,'Corop',1,34,0),(35,2018,'Corop',1,35,0),(36,2018,'Corop',1,36,0),(37,2018,'Corop',1,37,0),(38,2018,'Corop',1,38,0),(39,2018,'Corop',1,39,0),(40,2018,'Corop',1,40,0),(41,2018,'Corop',14,2,0),(42,2018,'Corop',14,3,600),(43,2018,'Corop',14,4,1300),(44,2018,'Corop',14,5,200),(45,2018,'Corop',14,1,15800),(46,2018,'Corop',14,6,0),(47,2018,'Corop',14,7,200),(48,2018,'Corop',14,8,0),(49,2018,'Corop',14,9,700),(50,2018,'Corop',14,10,17100),(51,2018,'Corop',14,11,700),(52,2018,'Corop',14,12,700),(53,2018,'Corop',14,13,3300),(54,2018,'Corop',14,14,77700),(55,2018,'Corop',14,15,0),(56,2018,'Corop',14,16,0),(57,2018,'Corop',14,17,0),(58,2018,'Corop',14,18,0),(59,2018,'Corop',14,19,0),(60,2018,'Corop',14,20,0),(61,2018,'Corop',14,21,0),(62,2018,'Corop',14,22,0),(63,2018,'Corop',14,23,0),(64,2018,'Corop',14,24,0),(65,2018,'Corop',14,25,0),(66,2018,'Corop',14,26,0),(67,2018,'Corop',14,27,1400),(68,2018,'Corop',14,28,500),(69,2018,'Corop',14,29,200),(70,2018,'Corop',14,30,2500),(71,2018,'Corop',14,31,0),(72,2018,'Corop',14,32,0),(73,2018,'Corop',14,33,0),(74,2018,'Corop',14,34,0),(75,2018,'Corop',14,35,0),(76,2018,'Corop',14,36,0),(77,2018,'Corop',14,37,0),(78,2018,'Corop',14,38,0),(79,2018,'Corop',14,39,0),(80,2018,'Corop',14,40,0),(81,2019,'Corop',1,2,0),(82,2019,'Corop',1,3,600),(83,2019,'Corop',1,4,3000),(84,2019,'Corop',1,5,100),(85,2019,'Corop',1,1,41600),(86,2019,'Corop',1,6,0),(87,2019,'Corop',1,7,0),(88,2019,'Corop',1,8,0),(89,2019,'Corop',1,9,0),(90,2019,'Corop',1,10,17500),(91,2019,'Corop',1,11,600),(92,2019,'Corop',1,12,300),(93,2019,'Corop',1,13,6600),(94,2019,'Corop',1,14,7700),(95,2019,'Corop',1,15,0),(96,2019,'Corop',1,16,0),(97,2019,'Corop',1,17,0),(98,2019,'Corop',1,18,0),(99,2019,'Corop',1,19,0),(100,2019,'Corop',1,20,0),(101,2019,'Corop',1,21,0),(102,2019,'Corop',1,22,0),(103,2019,'Corop',1,23,0),(104,2019,'Corop',1,24,0),(105,2019,'Corop',1,25,0),(106,2019,'Corop',1,26,0),(107,2019,'Corop',1,27,1400),(108,2019,'Corop',1,28,0),(109,2019,'Corop',1,29,0),(110,2019,'Corop',1,30,3000),(111,2019,'Corop',1,31,0),(112,2019,'Corop',1,32,0),(113,2019,'Corop',1,33,0),(114,2019,'Corop',1,34,0),(115,2019,'Corop',1,35,0),(116,2019,'Corop',1,36,0),(117,2019,'Corop',1,37,0),(118,2019,'Corop',1,38,0),(119,2019,'Corop',1,39,0),(120,2019,'Corop',1,40,0),(121,2019,'Corop',14,2,0),(122,2019,'Corop',14,3,700),(123,2019,'Corop',14,4,1400),(124,2019,'Corop',14,5,200),(125,2019,'Corop',14,1,14800),(126,2019,'Corop',14,6,700),(127,2019,'Corop',14,7,300),(128,2019,'Corop',14,8,0),(129,2019,'Corop',14,9,700),(130,2019,'Corop',14,10,17900),(131,2019,'Corop',14,11,600),(132,2019,'Corop',14,12,700),(133,2019,'Corop',14,13,2900),(134,2019,'Corop',14,14,78700),(135,2019,'Corop',14,15,0),(136,2019,'Corop',14,16,0),(137,2019,'Corop',14,17,0),(138,2019,'Corop',14,18,0),(139,2019,'Corop',14,19,0),(140,2019,'Corop',14,20,0),(141,2019,'Corop',14,21,0),(142,2019,'Corop',14,22,0),(143,2019,'Corop',14,23,0),(144,2019,'Corop',14,24,0),(145,2019,'Corop',14,25,0),(146,2019,'Corop',14,26,0),(147,2019,'Corop',14,27,1900),(148,2019,'Corop',14,28,400),(149,2019,'Corop',14,29,0),(150,2019,'Corop',14,30,2900),(151,2019,'Corop',14,31,0),(152,2019,'Corop',14,32,0),(153,2019,'Corop',14,33,0),(154,2019,'Corop',14,34,0),(155,2019,'Corop',14,35,0),(156,2019,'Corop',14,36,0),(157,2019,'Corop',14,37,0),(158,2019,'Corop',14,38,0),(159,2019,'Corop',14,39,0),(160,2019,'Corop',14,40,0),(161,2020,'Corop',1,2,0),(162,2020,'Corop',1,3,500),(163,2020,'Corop',1,4,2700),(164,2020,'Corop',1,5,100),(165,2020,'Corop',1,1,41200),(166,2020,'Corop',1,6,0),(167,2020,'Corop',1,7,0),(168,2020,'Corop',1,8,0),(169,2020,'Corop',1,9,0),(170,2020,'Corop',1,10,17900),(171,2020,'Corop',1,11,500),(172,2020,'Corop',1,12,600),(173,2020,'Corop',1,13,6500),(174,2020,'Corop',1,14,7600),(175,2020,'Corop',1,15,0),(176,2020,'Corop',1,16,0),(177,2020,'Corop',1,17,0),(178,2020,'Corop',1,18,0),(179,2020,'Corop',1,19,0),(180,2020,'Corop',1,20,0),(181,2020,'Corop',1,21,0),(182,2020,'Corop',1,22,0),(183,2020,'Corop',1,23,0),(184,2020,'Corop',1,24,0),(185,2020,'Corop',1,25,0),(186,2020,'Corop',1,26,0),(187,2020,'Corop',1,27,1300),(188,2020,'Corop',1,28,0),(189,2020,'Corop',1,29,0),(190,2020,'Corop',1,30,3100),(191,2020,'Corop',1,31,0),(192,2020,'Corop',1,32,0),(193,2020,'Corop',1,33,0),(194,2020,'Corop',1,34,0),(195,2020,'Corop',1,35,0),(196,2020,'Corop',1,36,0),(197,2020,'Corop',1,37,0),(198,2020,'Corop',1,38,0),(199,2020,'Corop',1,39,0),(200,2020,'Corop',1,40,0),(201,2020,'Corop',14,2,0),(202,2020,'Corop',14,3,600),(203,2020,'Corop',14,4,1400),(204,2020,'Corop',14,5,300),(205,2020,'Corop',14,1,16100),(206,2020,'Corop',14,6,0),(207,2020,'Corop',14,7,500),(208,2020,'Corop',14,8,0),(209,2020,'Corop',14,9,700),(210,2020,'Corop',14,10,16900),(211,2020,'Corop',14,11,600),(212,2020,'Corop',14,12,700),(213,2020,'Corop',14,13,2800),(214,2020,'Corop',14,14,77800),(215,2020,'Corop',14,15,0),(216,2020,'Corop',14,16,0),(217,2020,'Corop',14,17,0),(218,2020,'Corop',14,18,0),(219,2020,'Corop',14,19,0),(220,2020,'Corop',14,20,0),(221,2020,'Corop',14,21,0),(222,2020,'Corop',14,22,0),(223,2020,'Corop',14,23,0),(224,2020,'Corop',14,24,0),(225,2020,'Corop',14,25,0),(226,2020,'Corop',14,26,0),(227,2020,'Corop',14,27,1700),(228,2020,'Corop',14,28,700),(229,2020,'Corop',14,29,0),(230,2020,'Corop',14,30,3000),(231,2020,'Corop',14,31,0),(232,2020,'Corop',14,32,0),(233,2020,'Corop',14,33,0),(234,2020,'Corop',14,34,0),(235,2020,'Corop',14,35,0),(236,2020,'Corop',14,36,100),(237,2020,'Corop',14,37,0),(238,2020,'Corop',14,38,0),(239,2020,'Corop',14,39,0),(240,2020,'Corop',14,40,0),(241,2021,'Corop',1,2,0),(242,2021,'Corop',1,3,600),(243,2021,'Corop',1,4,1700),(244,2021,'Corop',1,5,300),(245,2021,'Corop',1,1,45200),(246,2021,'Corop',1,6,200),(247,2021,'Corop',1,7,100),(248,2021,'Corop',1,8,0),(249,2021,'Corop',1,9,200),(250,2021,'Corop',1,10,15800),(251,2021,'Corop',1,11,600),(252,2021,'Corop',1,12,200),(253,2021,'Corop',1,13,6800),(254,2021,'Corop',1,14,8100),(255,2021,'Corop',1,15,0),(256,2021,'Corop',1,16,200),(257,2021,'Corop',1,17,0),(258,2021,'Corop',1,18,0),(259,2021,'Corop',1,19,0),(260,2021,'Corop',1,20,100),(261,2021,'Corop',1,21,100),(262,2021,'Corop',1,22,0),(263,2021,'Corop',1,23,100),(264,2021,'Corop',1,24,0),(265,2021,'Corop',1,25,0),(266,2021,'Corop',1,26,200),(267,2021,'Corop',1,27,1200),(268,2021,'Corop',1,28,200),(269,2021,'Corop',1,29,100),(270,2021,'Corop',1,30,3000),(271,2021,'Corop',1,31,0),(272,2021,'Corop',1,32,0),(273,2021,'Corop',1,33,0),(274,2021,'Corop',1,34,0),(275,2021,'Corop',1,35,100),(276,2021,'Corop',1,36,100),(277,2021,'Corop',1,37,0),(278,2021,'Corop',1,38,0),(279,2021,'Corop',1,39,0),(280,2021,'Corop',1,40,0),(281,2021,'Corop',14,2,0),(282,2021,'Corop',14,3,600),(283,2021,'Corop',14,4,900),(284,2021,'Corop',14,5,400),(285,2021,'Corop',14,1,14500),(286,2021,'Corop',14,6,200),(287,2021,'Corop',14,7,400),(288,2021,'Corop',14,8,0),(289,2021,'Corop',14,9,1000),(290,2021,'Corop',14,10,17300),(291,2021,'Corop',14,11,700),(292,2021,'Corop',14,12,400),(293,2021,'Corop',14,13,2600),(294,2021,'Corop',14,14,82000),(295,2021,'Corop',14,15,0),(296,2021,'Corop',14,16,200),(297,2021,'Corop',14,17,0),(298,2021,'Corop',14,18,200),(299,2021,'Corop',14,19,0),(300,2021,'Corop',14,20,200),(301,2021,'Corop',14,21,200),(302,2021,'Corop',14,22,0),(303,2021,'Corop',14,23,200),(304,2021,'Corop',14,24,200),(305,2021,'Corop',14,25,0),(306,2021,'Corop',14,26,200),(307,2021,'Corop',14,27,1600),(308,2021,'Corop',14,28,400),(309,2021,'Corop',14,29,200),(310,2021,'Corop',14,30,2200),(311,2021,'Corop',14,31,0),(312,2021,'Corop',14,32,0),(313,2021,'Corop',14,33,0),(314,2021,'Corop',14,34,0),(315,2021,'Corop',14,35,200),(316,2021,'Corop',14,36,200),(317,2021,'Corop',14,37,0),(318,2021,'Corop',14,38,100),(319,2021,'Corop',14,39,100),(320,2021,'Corop',14,40,0),(321,2022,'Corop',1,2,0),(322,2022,'Corop',1,3,700),(323,2022,'Corop',1,4,1600),(324,2022,'Corop',1,5,400),(325,2022,'Corop',1,1,46200),(326,2022,'Corop',1,6,200),(327,2022,'Corop',1,7,200),(328,2022,'Corop',1,8,0),(329,2022,'Corop',1,9,200),(330,2022,'Corop',1,10,16000),(331,2022,'Corop',1,11,600),(332,2022,'Corop',1,12,400),(333,2022,'Corop',1,13,6900),(334,2022,'Corop',1,14,7900),(335,2022,'Corop',1,15,0),(336,2022,'Corop',1,16,0),(337,2022,'Corop',1,17,0),(338,2022,'Corop',1,18,0),(339,2022,'Corop',1,19,0),(340,2022,'Corop',1,20,100),(341,2022,'Corop',1,21,200),(342,2022,'Corop',1,22,0),(343,2022,'Corop',1,23,100),(344,2022,'Corop',1,24,0),(345,2022,'Corop',1,25,0),(346,2022,'Corop',1,26,200),(347,2022,'Corop',1,27,1400),(348,2022,'Corop',1,28,200),(349,2022,'Corop',1,29,100),(350,2022,'Corop',1,30,3400),(351,2022,'Corop',1,31,0),(352,2022,'Corop',1,32,0),(353,2022,'Corop',1,33,0),(354,2022,'Corop',1,34,0),(355,2022,'Corop',1,35,200),(356,2022,'Corop',1,36,100),(357,2022,'Corop',1,37,0),(358,2022,'Corop',1,38,0),(359,2022,'Corop',1,39,0),(360,2022,'Corop',1,40,0),(361,2022,'Corop',14,2,0),(362,2022,'Corop',14,3,800),(363,2022,'Corop',14,4,900),(364,2022,'Corop',14,5,400),(365,2022,'Corop',14,1,14500),(366,2022,'Corop',14,6,200),(367,2022,'Corop',14,7,600),(368,2022,'Corop',14,8,0),(369,2022,'Corop',14,9,1200),(370,2022,'Corop',14,10,18000),(371,2022,'Corop',14,11,900),(372,2022,'Corop',14,12,500),(373,2022,'Corop',14,13,2600),(374,2022,'Corop',14,14,82600),(375,2022,'Corop',14,15,0),(376,2022,'Corop',14,16,0),(377,2022,'Corop',14,17,0),(378,2022,'Corop',14,18,200),(379,2022,'Corop',14,19,0),(380,2022,'Corop',14,20,200),(381,2022,'Corop',14,21,200),(382,2022,'Corop',14,22,0),(383,2022,'Corop',14,23,200),(384,2022,'Corop',14,24,0),(385,2022,'Corop',14,25,0),(386,2022,'Corop',14,26,200),(387,2022,'Corop',14,27,1800),(388,2022,'Corop',14,28,500),(389,2022,'Corop',14,29,200),(390,2022,'Corop',14,30,2400),(391,2022,'Corop',14,31,0),(392,2022,'Corop',14,32,0),(393,2022,'Corop',14,33,0),(394,2022,'Corop',14,34,0),(395,2022,'Corop',14,35,200),(396,2022,'Corop',14,36,200),(397,2022,'Corop',14,37,0),(398,2022,'Corop',14,38,100),(399,2022,'Corop',14,39,100),(400,2022,'Corop',14,40,0);
/*!40000 ALTER TABLE `volwassene_woon_en_werkregio` ENABLE KEYS */;
UNLOCK TABLES;
/*!40103 SET TIME_ZONE=@OLD_TIME_ZONE */;

/*!40101 SET SQL_MODE=@OLD_SQL_MODE */;
/*!40014 SET FOREIGN_KEY_CHECKS=@OLD_FOREIGN_KEY_CHECKS */;
/*!40014 SET UNIQUE_CHECKS=@OLD_UNIQUE_CHECKS */;
/*!40101 SET CHARACTER_SET_CLIENT=@OLD_CHARACTER_SET_CLIENT */;
/*!40101 SET CHARACTER_SET_RESULTS=@OLD_CHARACTER_SET_RESULTS */;
/*!40101 SET COLLATION_CONNECTION=@OLD_COLLATION_CONNECTION */;
/*!40111 SET SQL_NOTES=@OLD_SQL_NOTES */;

-- Dump completed on 2024-06-06  1:44:57
